{"stats":{"minecraft:killed_by":{"iceandfire:cyclops":1,"minecraft:creeper":3,"minecraft:pillager":1,"alexsmobs:crocodile":1},"minecraft:crafted":{"minecraft:oak_planks":56,"minecraft:raw_iron":9,"minecraft:stone_shovel":9,"minecraft:coal":9,"minecraft:fishing_rod":1,"vanillaplustools:iron_shovel":1,"spartanshields:wooden_tower_shield":2,"minecraft:furnace":3,"spartanshields:stone_tower_shield":1,"minecraft:glass_pane":80,"minecraft:glass":161,"minecraft:iron_boots":1,"minecraft:iron_axe":1,"minecraft:ladder":12,"minecraft:spruce_slab":378,"minecraft:stone_pickaxe":1,"minecraft:chest":9,"vanillaplustools:stone_shovel":1,"minecraft:stone_hoe":1,"sophisticatedbackpacks:iron_backpack":1,"minecraft:wheat":171,"iceandfire:silver_axe":1,"minecraft:coal_block":4,"sophisticatedbackpacks:backpack":1,"iceandfire:silver_ingot":3,"minecraft:cooked_porkchop":2,"minecraft:crafting_table":3,"minecraft:spruce_planks":688,"minecraft:wooden_pickaxe":1,"minecraft:iron_helmet":1,"minecraft:spruce_door":3,"minecraft:bucket":1,"minecraft:stone_axe":1,"minecraft:bread":70,"minecraft:air":0,"minecraft:oak_boat":1,"minecraft:iron_chestplate":1,"minecraft:stick":72,"minecraft:iron_ingot":41,"minecraft:iron_pickaxe":3,"minecraft:stone_sword":1,"minecraft:iron_shovel":9,"minecraft:iron_leggings":1,"minecraft:gold_ingot":6,"minecraft:white_bed":2,"minecraft:torch":120,"spartanshields:golden_tower_shield":1},"minecraft:used":{"framedblocks:framed_fence":2,"minecraft:netherite_sword":123,"minecraft:stone_sword":7,"minecraft:spruce_slab":361,"farmersdelight:cabbage_seeds":6,"minecraft:ladder":10,"minecraft:chest":14,"minecraft:decorated_pot":1,"minecraft:spruce_planks":478,"minecraft:iron_sword":344,"minecraft:stone_hoe":131,"minecraft:iron_chestplate":1,"minecraft:torch":129,"minecraft:dirt":1107,"minecraft:anvil":2,"spartanshields:golden_tower_shield":1,"minecraft:spruce_fence":77,"minecraft:milk_bucket":1,"minecraft:glass":388,"vanillaplustools:iron_shovel":158,"framedblocks:framed_threeway_corner_pillar":13,"minecraft:lava_bucket":6,"minecraft:iron_axe":515,"minecraft:grass_block":5,"minecraft:iron_helmet":1,"minecraft:iron_boots":1,"framedblocks:framed_sign":1,"minecraft:furnace":5,"tombstone:gift":2,"framedblocks:framed_sliced_stairs_panel":5,"minecraft:iron_leggings":1,"minecraft:wheat_seeds":90,"minecraft:cooked_mutton":19,"minecraft:water_bucket":16,"framedblocks:framed_sliced_stairs_slab":10,"minecraft:spruce_door":2,"framedblocks:framed_door":5,"minecraft:stone_pickaxe":73,"minecraft:wooden_pickaxe":12,"minecraft:spruce_fence_gate":8,"minecraft:sand":3,"minecraft:crafting_table":13,"vanillaplustools:stone_shovel":132,"minecraft:white_bed":7,"spartanshields:stone_tower_shield":38,"iceandfire:silver_axe":225,"minecraft:spruce_log":439,"minecraft:oak_log":63,"minecraft:apple":2,"framedblocks:framed_half_stairs":1,"minecraft:bread":70,"minecraft:iron_pickaxe":232,"minecraft:string":1,"minecraft:gravel":1,"minecraft:spruce_sapling":41,"framedblocks:framed_divided_stairs":9,"minecraft:stone_axe":1,"minecraft:fishing_rod":12,"framedblocks:framed_bars":3,"framedblocks:framed_iron_door":4,"minecraft:cobblestone":47,"framedblocks:framed_slab_corner":2,"minecraft:cooked_porkchop":2,"goblintraders:goblin_trader_spawn_egg":1,"minecraft:bucket":23,"minecraft:glass_pane":80,"minecraft:oak_boat":2,"alexsmobs:animal_dictionary":1,"minecraft:cobweb":20},"minecraft:killed":{"alexsmobs:lobster":4,"minecraft:spider":5,"minecraft:vindicator":1,"minecraft:horse":1,"minecraft:skeleton":7,"iceandfire:fire_dragon":1,"minecraft:chicken":1,"alexsmobs:bison":1,"goblintraders:goblin_trader":1,"minecraft:pig":2,"iceandfire:cyclops":1,"minecraft:creeper":2,"minecraft:sheep":14,"minecraft:pillager":5,"minecraft:zombie":22,"friendsandfoes:moobloom":3,"takesapillage:archer":1,"minecraft:cow":3},"minecraft:picked_up":{"minecraft:iron_chestplate":1,"minecraft:crafting_table":11,"minecraft:wheat":1,"minecraft:allium":29,"minecraft:chicken":3,"simplehats:hatbag_rare":2,"minecraft:anvil":2,"simplehats:eyeholder_xanath":2,"tombstone:grave_key":1,"simplehats:goggles":1,"minecraft:cornflower":1,"minecraft:string":69,"simplehats:springer":1,"minecraft:iron_axe":1,"minecraft:iron_leggings":1,"farmersdelight:cabbage":4,"minecraft:spruce_planks":116,"minecraft:beef":18,"minecraft:oak_boat":2,"minecraft:poppy":2,"minecraft:iron_pickaxe":1,"minecraft:spruce_slab":31,"minecraft:coal_block":2,"simplehats:traffic_cone":1,"minecraft:sugar_cane":23,"minecraft:chest":6,"farmersdelight:cabbage_seeds":12,"minecraft:iron_boots":1,"minecraft:furnace":3,"iceandfire:dragonbone":7,"minecraft:stick":74,"minecraft:raw_iron":41,"iceandfire:dragonscales_gray":9,"simplehats:hatbag_common":1,"minecraft:torch":28,"minecraft:porkchop":5,"minecraft:cookie":4,"tombstone:grave_dust":5,"minecraft:carrot":7,"minecraft:arrow":13,"iceandfire:cyclops_eye":2,"minecraft:rotten_flesh":20,"minecraft:decorated_pot":1,"simplehats:winghat":1,"farmersdelight:onion":7,"minecraft:hay_block":4,"iceandfire:fire_dragon_heart":1,"minecraft:mutton":22,"alexsmobs:lobster_tail":2,"minecraft:skeleton_skull":2,"minecraft:white_wool":14,"minecraft:cobblestone":132,"minecraft:oxeye_daisy":1,"minecraft:feather":2,"minecraft:leather":11,"minecraft:potato":1,"minecraft:oak_log":14,"minecraft:gunpowder":4,"minecraft:dirt":2853,"tombstone:gift":1,"minecraft:white_banner":3,"simplehats:hatbag_epic":2,"minecraft:cooked_mutton":18,"minecraft:glass":29,"minecraft:bone":13,"minecraft:apple":2,"minecraft:kelp":6,"minecraft:bow":2,"minecraft:wheat_seeds":93,"minecraft:raw_gold":6,"minecraft:iron_ingot":7,"minecraft:stone_pickaxe":1,"simplehats:hatbag_uncommon":3,"iceandfire:fire_dragon_flesh":3,"simplehats:babyturtle":1,"minecraft:sweet_berries":8,"minecraft:dandelion":21,"iceandfire:dragon_skull_fire":1,"minecraft:raw_iron_block":2,"minecraft:gravel":1,"minecraft:sand":477,"minecraft:spruce_sapling":63,"minecraft:white_bed":4,"minecraft:spruce_log":861,"minecraft:spruce_door":1,"simplehats:jesterhat":1,"minecraft:bundle":1,"minecraft:yellow_carpet":1,"minecraft:diamond":1,"minecraft:iron_helmet":1,"minecraft:crossbow":1,"minecraft:emerald":3,"tombstone:magic_scroll":1,"spelunkers_charm:rock":4,"minecraft:coal":190,"iceandfire:raw_silver":3},"minecraft:dropped":{"minecraft:bread":20,"minecraft:iron_sword":1,"minecraft:diamond":1,"minecraft:iron_helmet":2,"minecraft:cobblestone":1,"iceandfire:fire_dragon_flesh":3,"minecraft:leather":6,"vanillaplustools:iron_shovel":1,"minecraft:dirt":1,"simplehats:eyeholder_xanath":1,"tombstone:magic_scroll":1,"tombstone:grave_dust":1,"minecraft:iron_leggings":2,"minecraft:iron_axe":2,"minecraft:raw_iron_block":1,"minecraft:iron_pickaxe":3,"minecraft:string":43,"iceandfire:dragon_skull_fire":1,"iceandfire:dragonbone":7,"minecraft:spruce_sapling":4,"iceandfire:dragonscales_gray":9,"minecraft:kelp":6,"minecraft:sweet_berries":4,"tombstone:gift":1,"minecraft:chicken":1,"minecraft:iron_boots":2,"sophisticatedbackpacks:backpack":1,"minecraft:cooked_mutton":2,"minecraft:white_bed":1,"minecraft:skeleton_skull":1,"simplehats:hatbag_uncommon":1,"minecraft:iron_chestplate":2,"minecraft:spruce_log":256,"minecraft:arrow":1,"iceandfire:fire_dragon_heart":1,"minecraft:beef":1},"minecraft:broken":{"spartanshields:stone_tower_shield":1,"minecraft:stone_hoe":1,"minecraft:iron_axe":2,"vanillaplustools:stone_shovel":1},"minecraft:custom":{"minecraft:interact_with_anvil":4,"minecraft:mob_kills":79,"minecraft:interact_with_crafting_table":92,"minecraft:leave_game":6,"minecraft:time_since_death":112444,"minecraft:climb_one_cm":5550,"minecraft:sprint_one_cm":970754,"minecraft:damage_blocked_by_shield":2310,"minecraft:walk_one_cm":1005686,"minecraft:drop":54,"minecraft:play_time":449883,"minecraft:sneak_time":3169,"minecraft:deaths":7,"minecraft:walk_under_water_one_cm":2844,"minecraft:boat_one_cm":4185,"minecraft:jump":5169,"minecraft:walk_on_water_one_cm":14981,"minecraft:total_world_time":449883,"minecraft:interact_with_furnace":54,"spartanshields:shield_bash_hits":6,"tombstone:raider_killed":7,"minecraft:raid_trigger":1,"minecraft:sleep_in_bed":28,"minecraft:time_since_rest":16042,"minecraft:damage_taken":5856,"minecraft:damage_dealt":14567,"minecraft:swim_one_cm":15159,"minecraft:fly_one_cm":1641203,"minecraft:crouch_one_cm":7061,"minecraft:open_chest":176,"tombstone:undead_killed":29,"minecraft:fall_one_cm":135162,"minecraft:horse_one_cm":4239},"minecraft:mined":{"realmrpg_skeletons:swimmer_skeleton":1,"minecraft:spruce_planks":52,"minecraft:white_bed":4,"iceandfire:silver_ore":3,"farmersdelight:wild_carrots":6,"minecraft:spruce_trapdoor":2,"minecraft:potted_dead_bush":1,"minecraft:grass_block":485,"minecraft:yellow_carpet":1,"minecraft:decorated_pot":2,"farmersdelight:wild_cabbages":5,"minecraft:spruce_leaves":3,"minecraft:hay_block":4,"minecraft:raw_iron_block":1,"minecraft:spruce_sapling":1,"minecraft:furnace":3,"minecraft:iron_ore":41,"minecraft:fire":11,"minecraft:anvil":2,"minecraft:dirt_path":3,"minecraft:stone":108,"spelunkers_charm:rock_pile_1":1,"minecraft:spruce_slab":26,"minecraft:tripwire":1,"minecraft:glass_pane":110,"minecraft:dandelion":2,"minecraft:crafting_table":11,"minecraft:torch":10,"minecraft:poppy":1,"spelunkers_charm:dead_grass":3,"minecraft:chest":6,"minecraft:glass":4,"minecraft:cobblestone":8,"minecraft:sugar_cane":8,"minecraft:wall_torch":15,"minecraft:skeleton_skull":1,"farmersdelight:sandy_shrub":3,"realmrpg_skeletons:bow_skeleton":2,"minecraft:sweet_berry_bush":1,"minecraft:spruce_log":637,"realmrpg_skeletons:acrobat_skeleton":1,"minecraft:grass":53,"minecraft:oak_log":14,"minecraft:coal_ore":135,"minecraft:gravel":1,"minecraft:sand":278,"minecraft:dirt":1206,"minecraft:cobweb":39,"minecraft:gold_ore":6,"minecraft:oak_leaves":9}},"DataVersion":3465}