{"stats":{"minecraft:killed_by":{"minecraft:piglin_brute":2,"iceandfire:cyclops":1,"minecraft:creeper":3,"minecraft:pillager":1,"alexsmobs:crocodile":1,"minecraft:player":1,"minecraft:enderman":1,"alexsmobs:crimson_mosquito":2},"minecraft:used":{"minecraft:spruce_slab":362,"minecraft:polished_blackstone":1,"minecraft:ladder":10,"farmersdelight:cabbage_seeds":6,"minecraft:decorated_pot":1,"minecraft:chest":14,"minecraft:iron_sword":492,"minecraft:rotten_flesh":4,"minecraft:iron_chestplate":1,"minecraft:carrot":28,"minecraft:weeping_vines":1,"minecraft:milk_bucket":1,"vanillaplustools:iron_shovel":158,"minecraft:glass":388,"framedblocks:framed_threeway_corner_pillar":13,"minecraft:lava_bucket":10,"minecraft:grass_block":5,"minecraft:quartz_block":2,"minecraft:iron_helmet":1,"minecraft:crimson_roots":1,"framedblocks:framed_sign":1,"minecraft:furnace":5,"framedblocks:framed_sliced_stairs_panel":5,"minecraft:spruce_door":2,"framedblocks:framed_door":5,"minecraft:stone_pickaxe":73,"minecraft:blackstone":4,"minecraft:wooden_pickaxe":12,"minecraft:sugar_cane":6,"minecraft:sand":3,"spartanshields:stone_tower_shield":38,"iceandfire:silver_axe":225,"minecraft:bread":73,"minecraft:string":1,"framedblocks:framed_divided_stairs":9,"minecraft:gravel":1,"minecraft:golden_helmet":2,"framedblocks:framed_bars":3,"framedblocks:framed_iron_door":4,"framedblocks:framed_slab_corner":2,"goblintraders:goblin_trader_spawn_egg":1,"minecraft:oak_boat":2,"minecraft:cobweb":20,"framedblocks:framed_fence":2,"minecraft:netherite_sword":123,"minecraft:stone_sword":7,"minecraft:flint_and_steel":1,"minecraft:spruce_planks":478,"minecraft:stone_hoe":131,"minecraft:torch":129,"minecraft:dirt":1115,"minecraft:anvil":2,"minecraft:spruce_fence":77,"spartanshields:golden_tower_shield":6,"minecraft:iron_axe":547,"minecraft:iron_boots":1,"tombstone:gift":3,"minecraft:cooked_beef":7,"minecraft:iron_leggings":1,"minecraft:wheat_seeds":90,"minecraft:cooked_mutton":19,"minecraft:water_bucket":26,"framedblocks:framed_sliced_stairs_slab":10,"minecraft:spruce_fence_gate":8,"minecraft:crafting_table":15,"vanillaplustools:stone_shovel":132,"minecraft:white_bed":8,"minecraft:spruce_log":439,"minecraft:oak_log":63,"minecraft:apple":2,"framedblocks:framed_half_stairs":1,"minecraft:iron_pickaxe":272,"minecraft:spruce_sapling":41,"minecraft:stone_axe":1,"minecraft:fishing_rod":12,"minecraft:cobblestone":81,"minecraft:cooked_porkchop":2,"minecraft:bucket":36,"minecraft:glass_pane":80,"alexsmobs:animal_dictionary":1},"minecraft:crafted":{"minecraft:oak_planks":56,"spartanshields:wooden_tower_shield":2,"minecraft:glass":161,"minecraft:iron_boots":1,"minecraft:chest":9,"vanillaplustools:stone_shovel":1,"minecraft:stone_hoe":1,"iceandfire:silver_axe":1,"sophisticatedbackpacks:backpack":1,"minecraft:cooked_porkchop":2,"minecraft:crafting_table":3,"minecraft:spruce_planks":688,"minecraft:wooden_pickaxe":1,"minecraft:iron_helmet":1,"minecraft:spruce_door":3,"minecraft:iron_chestplate":1,"minecraft:stick":72,"minecraft:iron_ingot":44,"minecraft:iron_pickaxe":3,"minecraft:stone_sword":1,"minecraft:gold_ingot":6,"spartanshields:golden_tower_shield":1,"minecraft:coal":9,"minecraft:raw_iron":9,"minecraft:stone_shovel":9,"minecraft:fishing_rod":1,"vanillaplustools:iron_shovel":1,"minecraft:furnace":3,"spartanshields:stone_tower_shield":1,"minecraft:glass_pane":80,"minecraft:flint_and_steel":1,"minecraft:iron_axe":1,"minecraft:ladder":12,"minecraft:spruce_slab":378,"minecraft:stone_pickaxe":1,"minecraft:golden_helmet":1,"minecraft:wheat":171,"sophisticatedbackpacks:iron_backpack":1,"minecraft:cooked_beef":12,"minecraft:coal_block":4,"iceandfire:silver_ingot":3,"minecraft:bucket":1,"minecraft:stone_axe":1,"minecraft:bread":70,"minecraft:air":0,"minecraft:oak_boat":1,"minecraft:iron_shovel":9,"minecraft:iron_leggings":1,"minecraft:white_bed":2,"minecraft:torch":120},"minecraft:killed":{"alexsmobs:lobster":4,"minecraft:spider":6,"minecraft:skeleton":7,"minecraft:chicken":1,"minecraft:pig":2,"minecraft:creeper":2,"alexsmobs:crimson_mosquito":19,"minecraft:sheep":14,"minecraft:pillager":5,"minecraft:zombie":24,"takesapillage:archer":1,"minecraft:cow":3,"minecraft:vindicator":1,"minecraft:horse":1,"iceandfire:fire_dragon":1,"alexsmobs:bison":1,"goblintraders:goblin_trader":1,"iceandfire:cyclops":1,"friendsandfoes:moobloom":3},"minecraft:dropped":{"minecraft:iron_sword":1,"minecraft:ender_pearl":4,"minecraft:diamond":1,"minecraft:weeping_vines":1,"iceandfire:fire_dragon_flesh":3,"minecraft:leather":6,"simplehats:eyeholder_xanath":1,"minecraft:dirt":1,"minecraft:iron_pickaxe":3,"minecraft:crimson_fungus":1,"minecraft:blackstone":3,"tombstone:gift":1,"minecraft:cooked_mutton":2,"minecraft:white_bed":1,"alexsmobs:blood_sac":9,"minecraft:skeleton_skull":1,"simplehats:hatbag_uncommon":1,"minecraft:arrow":1,"minecraft:beef":1,"minecraft:crying_obsidian":3,"minecraft:netherrack":1,"minecraft:bread":20,"minecraft:golden_helmet":4,"minecraft:iron_helmet":2,"minecraft:cobblestone":1,"minecraft:spectral_arrow":12,"vanillaplustools:iron_shovel":1,"tombstone:magic_scroll":1,"tombstone:grave_dust":4,"minecraft:potion":1,"minecraft:iron_leggings":2,"minecraft:iron_axe":2,"minecraft:raw_iron_block":1,"minecraft:string":43,"iceandfire:dragon_skull_fire":1,"minecraft:spruce_sapling":4,"iceandfire:dragonbone":7,"iceandfire:dragonscales_gray":9,"minecraft:kelp":6,"minecraft:sweet_berries":4,"minecraft:chicken":1,"minecraft:iron_boots":2,"sophisticatedbackpacks:backpack":1,"minecraft:iron_chestplate":2,"minecraft:golden_sword":1,"minecraft:spruce_log":256,"iceandfire:fire_dragon_heart":1},"minecraft:picked_up":{"minecraft:iron_chestplate":2,"minecraft:wheat":1,"simplehats:hatbag_rare":2,"minecraft:anvil":2,"minecraft:smithing_table":1,"minecraft:lead":2,"minecraft:potion":1,"simplehats:eyeholder_xanath":2,"tombstone:grave_key":1,"minecraft:golden_sword":2,"minecraft:string":70,"minecraft:iron_leggings":2,"alexsmobs:blood_sac":23,"minecraft:gold_nugget":1,"farmersdelight:cabbage":4,"minecraft:spruce_planks":116,"minecraft:iron_pickaxe":2,"minecraft:coal_block":2,"farmersdelight:cabbage_seeds":12,"minecraft:iron_boots":2,"minecraft:furnace":3,"minecraft:golden_helmet":4,"minecraft:stick":74,"minecraft:torch":47,"tetra:holo":1,"minecraft:porkchop":5,"tombstone:grave_dust":9,"minecraft:quartz_block":2,"minecraft:rotten_flesh":24,"farmersdelight:onion":7,"iceandfire:fire_dragon_heart":1,"minecraft:obsidian":1,"alexsmobs:lobster_tail":2,"minecraft:cobblestone":195,"minecraft:magma_block":32,"minecraft:feather":2,"minecraft:potato":1,"minecraft:flint":1,"minecraft:dirt":2862,"simplehats:hatbag_epic":2,"minecraft:twisting_vines":1,"minecraft:glass":29,"minecraft:bone":16,"minecraft:bow":2,"minecraft:wheat_seeds":93,"minecraft:raw_gold":6,"simplehats:hatbag_uncommon":3,"simplehats:babyturtle":1,"iceandfire:dragon_skull_fire":1,"minecraft:sand":477,"sophisticatedbackpacks:iron_backpack":1,"minecraft:spectral_arrow":12,"minecraft:bundle":1,"minecraft:yellow_carpet":1,"minecraft:diamond":6,"minecraft:crossbow":1,"minecraft:emerald":3,"minecraft:netherrack":113,"minecraft:crimson_roots":1,"iceandfire:raw_silver":3,"minecraft:crafting_table":13,"minecraft:allium":29,"minecraft:chicken":3,"minecraft:nether_wart":1,"simplehats:goggles":1,"minecraft:cornflower":1,"simplehats:springer":1,"alexsmobs:pigshoes":1,"minecraft:iron_axe":2,"minecraft:blackstone":11,"spartanshields:golden_tower_shield":1,"minecraft:beef":18,"minecraft:oak_boat":2,"minecraft:poppy":2,"minecraft:spruce_slab":32,"minecraft:sugar_cane":29,"simplehats:traffic_cone":1,"minecraft:chest":6,"minecraft:raw_iron":41,"iceandfire:dragonbone":7,"iceandfire:dragonscales_gray":9,"simplehats:hatbag_common":2,"minecraft:fire_charge":1,"minecraft:cookie":4,"minecraft:carrot":18,"minecraft:redstone":1,"minecraft:weeping_vines":2,"minecraft:arrow":13,"iceandfire:cyclops_eye":2,"simplehats:winghat":1,"minecraft:decorated_pot":1,"minecraft:hay_block":4,"minecraft:gold_ingot":14,"minecraft:polished_blackstone":1,"minecraft:mutton":22,"minecraft:white_wool":14,"minecraft:skeleton_skull":2,"minecraft:oxeye_daisy":1,"minecraft:leather":11,"minecraft:crimson_fungus":1,"minecraft:oak_log":14,"minecraft:gunpowder":4,"alexsmobs:mosquito_proboscis":2,"minecraft:white_banner":3,"tombstone:gift":3,"minecraft:cooked_mutton":18,"minecraft:apple":2,"minecraft:kelp":6,"minecraft:warped_stem":2,"minecraft:iron_ingot":7,"minecraft:stone_pickaxe":1,"iceandfire:fire_dragon_flesh":3,"minecraft:iron_sword":1,"minecraft:warped_fungus":1,"minecraft:pumpkin":21,"minecraft:sweet_berries":8,"minecraft:quartz":3,"minecraft:dandelion":21,"minecraft:raw_iron_block":2,"minecraft:gravel":1,"minecraft:spruce_sapling":63,"minecraft:white_bed":5,"minecraft:spruce_log":861,"minecraft:crying_obsidian":3,"minecraft:spruce_door":1,"minecraft:spider_eye":1,"simplehats:jesterhat":1,"minecraft:iron_helmet":2,"tombstone:magic_scroll":1,"spelunkers_charm:rock":4,"minecraft:coal":192,"minecraft:ender_pearl":4},"minecraft:custom":{"minecraft:interact_with_crafting_table":98,"minecraft:leave_game":6,"minecraft:time_since_death":4733,"minecraft:sprint_one_cm":1179231,"minecraft:damage_blocked_by_shield":2960,"minecraft:drop":74,"minecraft:play_time":521883,"minecraft:deaths":13,"minecraft:jump":6199,"minecraft:walk_on_water_one_cm":24497,"minecraft:interact_with_furnace":59,"minecraft:sleep_in_bed":31,"minecraft:damage_dealt":18133,"minecraft:crouch_one_cm":8486,"tombstone:undead_killed":31,"minecraft:horse_one_cm":4239,"minecraft:mob_kills":103,"minecraft:interact_with_anvil":4,"minecraft:climb_one_cm":7986,"minecraft:walk_one_cm":1180494,"minecraft:sneak_time":3935,"minecraft:walk_under_water_one_cm":3379,"minecraft:boat_one_cm":4185,"minecraft:total_world_time":521883,"spartanshields:shield_bash_hits":6,"tombstone:raider_killed":7,"minecraft:raid_trigger":1,"minecraft:time_since_rest":4016,"minecraft:damage_taken":8799,"minecraft:trigger_trapped_chest":1,"minecraft:swim_one_cm":22216,"minecraft:fly_one_cm":1911192,"minecraft:open_chest":198,"minecraft:fall_one_cm":161342},"minecraft:broken":{"minecraft:golden_helmet":1,"spartanshields:stone_tower_shield":1,"minecraft:iron_boots":1,"minecraft:stone_hoe":1,"minecraft:iron_axe":2,"vanillaplustools:stone_shovel":1},"minecraft:mined":{"minecraft:spruce_planks":52,"minecraft:white_bed":5,"minecraft:spruce_trapdoor":2,"minecraft:potted_dead_bush":1,"minecraft:grass_block":486,"minecraft:yellow_carpet":1,"minecraft:raw_iron_block":1,"minecraft:iron_ore":41,"minecraft:fire":12,"minecraft:pumpkin":21,"minecraft:anvil":2,"minecraft:dirt_path":3,"minecraft:spruce_slab":26,"minecraft:tripwire":1,"minecraft:quartz_block":1,"minecraft:blackstone":1,"minecraft:twisting_vines_plant":1,"minecraft:torch":10,"minecraft:poppy":1,"minecraft:chest":6,"minecraft:glass":4,"minecraft:cobblestone":25,"realmrpg_skeletons:thief_skeleton":1,"minecraft:sugar_cane":8,"minecraft:wall_torch":15,"minecraft:skeleton_skull":1,"farmersdelight:sandy_shrub":3,"realmrpg_skeletons:bow_skeleton":2,"realmrpg_skeletons:acrobat_skeleton":1,"minecraft:grass":58,"minecraft:oak_log":14,"minecraft:sand":278,"minecraft:dirt":1214,"minecraft:netherrack":16,"minecraft:oak_leaves":9,"realmrpg_skeletons:swimmer_skeleton":1,"iceandfire:silver_ore":3,"farmersdelight:wild_carrots":6,"minecraft:decorated_pot":2,"minecraft:crimson_roots":1,"farmersdelight:wild_cabbages":5,"minecraft:spruce_leaves":3,"minecraft:hay_block":4,"minecraft:spruce_sapling":1,"minecraft:furnace":3,"minecraft:warped_stem":2,"minecraft:stone":108,"spelunkers_charm:rock_pile_1":1,"minecraft:smithing_table":1,"minecraft:glass_pane":110,"minecraft:dandelion":2,"minecraft:crafting_table":13,"realmrpg_skeletons:basic_skeleton":1,"spelunkers_charm:dead_grass":3,"minecraft:tall_grass":1,"tetra:basic_workbench":1,"minecraft:sweet_berry_bush":1,"minecraft:spruce_log":637,"minecraft:coal_ore":135,"minecraft:gravel":2,"minecraft:cobweb":39,"minecraft:gold_ore":6}},"DataVersion":3465}