{"stats":{"minecraft:killed_by":{"iceandfire:cyclops":1,"minecraft:creeper":3,"minecraft:pillager":1,"alexsmobs:crocodile":1},"minecraft:crafted":{"minecraft:oak_planks":56,"minecraft:raw_iron":9,"minecraft:stone_shovel":9,"minecraft:coal":9,"minecraft:fishing_rod":1,"vanillaplustools:iron_shovel":1,"spartanshields:wooden_tower_shield":2,"minecraft:furnace":3,"spartanshields:stone_tower_shield":1,"minecraft:glass_pane":80,"minecraft:glass":161,"minecraft:iron_boots":1,"minecraft:iron_axe":1,"minecraft:spruce_slab":252,"minecraft:stone_pickaxe":1,"minecraft:chest":9,"vanillaplustools:stone_shovel":1,"sophisticatedbackpacks:iron_backpack":1,"minecraft:wheat":171,"iceandfire:silver_axe":1,"minecraft:coal_block":4,"sophisticatedbackpacks:backpack":1,"iceandfire:silver_ingot":3,"minecraft:cooked_porkchop":2,"minecraft:crafting_table":2,"minecraft:spruce_planks":432,"minecraft:wooden_pickaxe":1,"minecraft:iron_helmet":1,"minecraft:spruce_door":3,"minecraft:bucket":1,"minecraft:stone_axe":1,"minecraft:bread":70,"minecraft:air":0,"minecraft:oak_boat":1,"minecraft:iron_chestplate":1,"minecraft:stick":40,"minecraft:iron_ingot":41,"minecraft:iron_pickaxe":3,"minecraft:stone_sword":1,"minecraft:iron_shovel":9,"minecraft:iron_leggings":1,"minecraft:gold_ingot":6,"minecraft:white_bed":1,"minecraft:torch":120,"spartanshields:golden_tower_shield":1},"minecraft:used":{"framedblocks:framed_fence":2,"minecraft:stone_sword":7,"minecraft:spruce_slab":278,"minecraft:chest":14,"minecraft:decorated_pot":1,"minecraft:spruce_planks":394,"minecraft:iron_sword":289,"minecraft:iron_chestplate":1,"minecraft:torch":115,"minecraft:dirt":855,"minecraft:anvil":2,"minecraft:spruce_fence":77,"minecraft:glass":388,"vanillaplustools:iron_shovel":158,"framedblocks:framed_threeway_corner_pillar":13,"minecraft:iron_axe":503,"minecraft:grass_block":5,"minecraft:iron_helmet":1,"minecraft:iron_boots":1,"framedblocks:framed_sign":1,"minecraft:furnace":5,"tombstone:gift":2,"framedblocks:framed_sliced_stairs_panel":5,"minecraft:iron_leggings":1,"minecraft:cooked_mutton":19,"minecraft:water_bucket":1,"framedblocks:framed_sliced_stairs_slab":10,"minecraft:spruce_door":2,"framedblocks:framed_door":5,"minecraft:stone_pickaxe":73,"minecraft:wooden_pickaxe":12,"minecraft:spruce_fence_gate":8,"minecraft:sand":3,"minecraft:crafting_table":12,"vanillaplustools:stone_shovel":132,"minecraft:white_bed":7,"spartanshields:stone_tower_shield":38,"iceandfire:silver_axe":225,"minecraft:spruce_log":439,"minecraft:oak_log":63,"minecraft:apple":2,"framedblocks:framed_half_stairs":1,"minecraft:bread":53,"minecraft:iron_pickaxe":229,"minecraft:string":1,"minecraft:gravel":1,"minecraft:spruce_sapling":41,"framedblocks:framed_divided_stairs":9,"minecraft:stone_axe":1,"minecraft:fishing_rod":12,"framedblocks:framed_bars":3,"framedblocks:framed_iron_door":4,"minecraft:cobblestone":44,"framedblocks:framed_slab_corner":2,"minecraft:cooked_porkchop":2,"goblintraders:goblin_trader_spawn_egg":1,"minecraft:bucket":2,"minecraft:glass_pane":80,"minecraft:oak_boat":2,"alexsmobs:animal_dictionary":1,"minecraft:cobweb":20},"minecraft:dropped":{"minecraft:diamond":1,"simplehats:eyeholder_xanath":1,"minecraft:raw_iron_block":1,"minecraft:spruce_sapling":4,"minecraft:kelp":6,"minecraft:sweet_berries":4,"minecraft:chicken":1,"minecraft:cooked_mutton":2,"minecraft:skeleton_skull":1,"minecraft:spruce_log":192,"minecraft:arrow":1},"minecraft:killed":{"alexsmobs:lobster":4,"minecraft:spider":3,"minecraft:vindicator":1,"minecraft:skeleton":7,"minecraft:chicken":1,"alexsmobs:bison":1,"goblintraders:goblin_trader":1,"minecraft:pig":1,"iceandfire:cyclops":1,"minecraft:creeper":2,"minecraft:sheep":14,"minecraft:pillager":5,"minecraft:zombie":20,"friendsandfoes:moobloom":3,"takesapillage:archer":1,"minecraft:cow":3},"minecraft:picked_up":{"minecraft:crafting_table":11,"minecraft:wheat":1,"minecraft:allium":29,"minecraft:chicken":3,"simplehats:hatbag_rare":2,"minecraft:anvil":2,"simplehats:eyeholder_xanath":2,"simplehats:goggles":1,"minecraft:cornflower":1,"minecraft:string":24,"simplehats:springer":1,"farmersdelight:cabbage":4,"minecraft:spruce_planks":105,"minecraft:beef":17,"minecraft:oak_boat":2,"minecraft:poppy":2,"minecraft:spruce_slab":30,"minecraft:coal_block":2,"simplehats:traffic_cone":1,"minecraft:sugar_cane":23,"minecraft:chest":6,"farmersdelight:cabbage_seeds":12,"minecraft:furnace":3,"minecraft:stick":74,"minecraft:raw_iron":41,"simplehats:hatbag_common":1,"minecraft:torch":26,"minecraft:porkchop":2,"minecraft:cookie":4,"tombstone:grave_dust":4,"minecraft:carrot":7,"minecraft:arrow":12,"iceandfire:cyclops_eye":1,"minecraft:rotten_flesh":18,"minecraft:decorated_pot":1,"simplehats:winghat":1,"farmersdelight:onion":7,"minecraft:hay_block":4,"minecraft:mutton":22,"alexsmobs:lobster_tail":2,"minecraft:skeleton_skull":2,"minecraft:white_wool":14,"minecraft:cobblestone":128,"minecraft:oxeye_daisy":1,"minecraft:feather":2,"minecraft:leather":11,"minecraft:potato":1,"minecraft:oak_log":14,"minecraft:gunpowder":3,"minecraft:dirt":2827,"minecraft:white_banner":3,"simplehats:hatbag_epic":2,"minecraft:cooked_mutton":18,"minecraft:glass":29,"minecraft:bone":12,"minecraft:apple":2,"minecraft:kelp":6,"minecraft:bow":2,"minecraft:wheat_seeds":93,"minecraft:raw_gold":6,"minecraft:iron_ingot":7,"minecraft:stone_pickaxe":1,"simplehats:hatbag_uncommon":2,"simplehats:babyturtle":1,"minecraft:sweet_berries":8,"minecraft:dandelion":21,"minecraft:raw_iron_block":2,"minecraft:gravel":1,"minecraft:sand":477,"minecraft:spruce_sapling":63,"minecraft:white_bed":4,"minecraft:spruce_log":861,"minecraft:spruce_door":1,"simplehats:jesterhat":1,"minecraft:bundle":1,"minecraft:yellow_carpet":1,"minecraft:diamond":1,"minecraft:crossbow":1,"minecraft:emerald":3,"spelunkers_charm:rock":4,"minecraft:coal":190,"iceandfire:raw_silver":3},"minecraft:broken":{"spartanshields:stone_tower_shield":1,"minecraft:iron_axe":2,"vanillaplustools:stone_shovel":1},"minecraft:custom":{"minecraft:interact_with_anvil":4,"minecraft:mob_kills":72,"minecraft:interact_with_crafting_table":71,"minecraft:leave_game":6,"minecraft:time_since_death":52444,"minecraft:climb_one_cm":2505,"minecraft:sprint_one_cm":761377,"minecraft:damage_blocked_by_shield":2250,"minecraft:walk_one_cm":856690,"minecraft:drop":19,"minecraft:play_time":389883,"minecraft:sneak_time":2917,"minecraft:deaths":7,"minecraft:walk_under_water_one_cm":2844,"minecraft:boat_one_cm":4185,"minecraft:jump":4195,"minecraft:walk_on_water_one_cm":14472,"minecraft:total_world_time":389883,"minecraft:interact_with_furnace":41,"spartanshields:shield_bash_hits":3,"tombstone:raider_killed":7,"minecraft:raid_trigger":1,"minecraft:sleep_in_bed":24,"minecraft:time_since_rest":23107,"minecraft:damage_taken":5345,"minecraft:damage_dealt":10843,"minecraft:swim_one_cm":15159,"minecraft:fly_one_cm":1274343,"minecraft:crouch_one_cm":6928,"minecraft:open_chest":143,"tombstone:undead_killed":27,"minecraft:fall_one_cm":114846,"minecraft:horse_one_cm":1156},"minecraft:mined":{"realmrpg_skeletons:swimmer_skeleton":1,"minecraft:spruce_planks":41,"minecraft:white_bed":4,"iceandfire:silver_ore":3,"farmersdelight:wild_carrots":6,"minecraft:spruce_trapdoor":2,"minecraft:potted_dead_bush":1,"minecraft:grass_block":482,"minecraft:yellow_carpet":1,"minecraft:decorated_pot":2,"farmersdelight:wild_cabbages":5,"minecraft:spruce_leaves":3,"minecraft:hay_block":4,"minecraft:raw_iron_block":1,"minecraft:spruce_sapling":1,"minecraft:furnace":3,"minecraft:iron_ore":41,"minecraft:fire":11,"minecraft:anvil":2,"minecraft:dirt_path":3,"minecraft:stone":108,"spelunkers_charm:rock_pile_1":1,"minecraft:spruce_slab":25,"minecraft:tripwire":1,"minecraft:glass_pane":110,"minecraft:dandelion":2,"minecraft:crafting_table":11,"minecraft:torch":10,"minecraft:poppy":1,"spelunkers_charm:dead_grass":3,"minecraft:chest":6,"minecraft:glass":4,"minecraft:cobblestone":5,"minecraft:sugar_cane":8,"minecraft:wall_torch":15,"minecraft:skeleton_skull":1,"farmersdelight:sandy_shrub":3,"realmrpg_skeletons:bow_skeleton":2,"minecraft:sweet_berry_bush":1,"minecraft:spruce_log":637,"realmrpg_skeletons:acrobat_skeleton":1,"minecraft:grass":53,"minecraft:oak_log":14,"minecraft:coal_ore":135,"minecraft:gravel":1,"minecraft:sand":278,"minecraft:dirt":1188,"minecraft:cobweb":20,"minecraft:gold_ore":6,"minecraft:oak_leaves":9}},"DataVersion":3465}