{"stats":{"minecraft:killed_by":{"minecraft:piglin_brute":2,"minecraft:enderman":1,"alexsmobs:bison":1,"iceandfire:ice_dragon":1,"minecraft:skeleton":1,"alexsmobs:crimson_mosquito":2,"iceandfire:fire_dragon":1},"minecraft:used":{"minecraft:chest":3,"minecraft:shield":8,"minecraft:netherrack":7,"minecraft:oak_door":2,"minecraft:dirt":4,"tetra:scroll_rolled":1,"minecraft:bow":9,"minecraft:hay_block":1,"minecraft:furnace":2,"tombstone:gift":2,"minecraft:cobbled_deepslate":19,"minecraft:stone_pickaxe":133,"minecraft:wooden_pickaxe":59,"minecraft:crafting_table":4,"minecraft:bread":35,"minecraft:iron_pickaxe":260,"minecraft:stone_axe":69,"minecraft:diamond_sword":178,"minecraft:cobblestone":29,"minecraft:andesite":4,"minecraft:yellow_bed":3},"minecraft:crafted":{"minecraft:oak_door":3,"minecraft:oak_planks":60,"minecraft:furnace":1,"minecraft:iron_boots":1,"minecraft:stone_pickaxe":1,"minecraft:chest":3,"minecraft:golden_helmet":1,"minecraft:wheat":387,"minecraft:diamond_sword":1,"minecraft:crafting_table":2,"minecraft:wooden_pickaxe":1,"minecraft:iron_helmet":1,"minecraft:stone_axe":1,"minecraft:bread":131,"minecraft:iron_chestplate":1,"minecraft:shield":1,"minecraft:stick":24,"minecraft:iron_ingot":45,"minecraft:iron_pickaxe":4,"minecraft:gold_ingot":11,"minecraft:iron_leggings":1,"minecraft:torch":8},"minecraft:killed":{"minecraft:skeleton":14,"alexsmobs:laviathan":2,"alexsmobs:bison":1,"minecraft:hoglin":4,"minecraft:creeper":2,"alexsmobs:crimson_mosquito":16,"minecraft:zombie":8,"minecraft:enderman":2},"minecraft:dropped":{"minecraft:wheat_seeds":1,"minecraft:golden_helmet":2,"minecraft:diamond":5,"minecraft:weeping_vines":1,"minecraft:spectral_arrow":14,"alexsmobs:bison_fur":2,"minecraft:stick":1,"minecraft:emerald":2,"simplehats:sombrero":3,"tombstone:grave_key":1,"minecraft:crimson_roots":4,"tombstone:grave_dust":1,"minecraft:potion":1,"minecraft:gold_ingot":10,"minecraft:bone":3,"minecraft:crimson_fungus":2,"tetra:geode":1,"alexsmobs:pigshoes":2,"minecraft:obsidian":1,"tombstone:gift":1,"minecraft:andesite":1,"spelunkers_charm:rock":2,"minecraft:golden_sword":2},"minecraft:picked_up":{"minecraft:crafting_table":2,"simplehats:hatbag_rare":1,"minecraft:potion":1,"minecraft:nether_brick":12,"minecraft:golden_sword":1,"alexsmobs:pigshoes":2,"simplehats:sombrero":4,"alexsmobs:blood_sac":11,"minecraft:gold_nugget":106,"minecraft:cobbled_deepslate":20,"minecraft:beef":6,"minecraft:furnace":1,"minecraft:golden_helmet":1,"minecraft:stick":5,"minecraft:raw_iron":59,"simplehats:hatbag_common":1,"minecraft:torch":15,"minecraft:porkchop":9,"tombstone:grave_dust":6,"minecraft:weeping_vines":1,"minecraft:arrow":15,"minecraft:rotten_flesh":41,"minecraft:hay_block":44,"minecraft:gold_ingot":1,"sophisticatedbackpacks:copper_backpack":1,"minecraft:obsidian":1,"minecraft:cobblestone":174,"minecraft:andesite":8,"minecraft:leather":7,"alexsmobs:bison_fur":2,"minecraft:crimson_fungus":2,"minecraft:oak_log":15,"minecraft:yellow_bed":3,"alexsmobs:mosquito_proboscis":2,"minecraft:dirt":8,"tombstone:gift":1,"simplehats:hatbag_epic":1,"minecraft:bone":18,"tetra:scroll_rolled":2,"minecraft:wheat_seeds":1,"minecraft:raw_gold":11,"simplehats:hatbag_uncommon":2,"minecraft:gravel":16,"minecraft:spectral_arrow":14,"minecraft:bundle":1,"tetra:geode":1,"minecraft:diamond":7,"minecraft:spruce_sign":20,"spelunkers_charm:rock":2,"minecraft:netherrack":19,"minecraft:coal":98,"iceandfire:raw_silver":3,"minecraft:crimson_roots":6,"minecraft:ender_pearl":1},"minecraft:broken":{"minecraft:wooden_pickaxe":1,"minecraft:stone_pickaxe":1,"minecraft:iron_pickaxe":1},"minecraft:custom":{"minecraft:mob_kills":50,"minecraft:interact_with_crafting_table":31,"minecraft:leave_game":1,"minecraft:time_since_death":1299,"minecraft:climb_one_cm":1328,"minecraft:sprint_one_cm":158824,"minecraft:walk_one_cm":494465,"minecraft:damage_blocked_by_shield":350,"minecraft:drop":45,"minecraft:play_time":121062,"minecraft:deaths":10,"minecraft:sneak_time":2659,"minecraft:walk_under_water_one_cm":4516,"minecraft:jump":1901,"minecraft:walk_on_water_one_cm":9441,"minecraft:total_world_time":121062,"minecraft:interact_with_furnace":21,"minecraft:sleep_in_bed":4,"minecraft:time_since_rest":1,"minecraft:damage_taken":4213,"minecraft:damage_dealt":9838,"minecraft:swim_one_cm":3449,"minecraft:fly_one_cm":433176,"minecraft:open_chest":16,"minecraft:crouch_one_cm":3839,"tombstone:undead_killed":22,"minecraft:fall_one_cm":41596},"minecraft:mined":{"minecraft:nether_gold_ore":17,"iceandfire:silver_ore":3,"minecraft:deepslate_diamond_ore":7,"tetra:block_geode":1,"minecraft:grass_block":7,"minecraft:crimson_roots":5,"minecraft:weeping_vines":1,"realmrpg_skeletons:burnt_skeleton":1,"minecraft:crimson_fungus":1,"realmrpg_skeletons:dungeon_crawler_skeleton":1,"minecraft:spawner":1,"minecraft:hay_block":44,"minecraft:furnace":1,"minecraft:iron_ore":44,"minecraft:andesite":8,"realmrpg_skeletons:rookie_skeleton":1,"minecraft:deepslate_iron_ore":18,"minecraft:stone":180,"minecraft:blackstone":3,"tetra:scroll_rolled":1,"minecraft:crafting_table":2,"spelunkers_charm:dead_grass":1,"spelunkers_charm:rock_pile_2":1,"minecraft:cobblestone":6,"minecraft:deepslate_gold_ore":8,"minecraft:warped_nylium":1,"minecraft:yellow_bed":3,"minecraft:grass":2,"minecraft:oak_log":8,"minecraft:coal_ore":87,"minecraft:gravel":1,"minecraft:dirt":1,"minecraft:netherrack":20,"minecraft:gold_ore":4,"minecraft:oak_leaves":1,"minecraft:deepslate":40}},"DataVersion":3465}