{"stats":{"minecraft:killed_by":{"iceandfire:ice_dragon":1,"iceandfire:fire_dragon":1},"minecraft:used":{"minecraft:bread":1,"minecraft:wooden_pickaxe":9,"minecraft:dirt":4,"minecraft:hay_block":1,"minecraft:crafting_table":2,"tombstone:gift":1},"minecraft:crafted":{"minecraft:oak_planks":28,"minecraft:crafting_table":2,"minecraft:stick":4,"minecraft:wooden_pickaxe":1,"minecraft:bread":131,"minecraft:wheat":387},"minecraft:dropped":{"tombstone:grave_key":1,"tombstone:gift":1},"minecraft:picked_up":{"simplehats:hatbag_common":1,"minecraft:oak_log":7,"minecraft:yellow_bed":1,"minecraft:dirt":4,"tombstone:gift":1,"minecraft:bone":4,"minecraft:wheat_seeds":1,"minecraft:hay_block":44,"minecraft:spruce_sign":20,"minecraft:cobblestone":9},"minecraft:custom":{"minecraft:time_since_rest":3278,"minecraft:sprint_one_cm":26178,"minecraft:damage_taken":750,"minecraft:walk_one_cm":43579,"minecraft:drop":2,"minecraft:damage_dealt":19,"minecraft:interact_with_crafting_table":4,"minecraft:fly_one_cm":59939,"minecraft:open_chest":1,"minecraft:play_time":13384,"minecraft:deaths":3,"minecraft:sneak_time":12,"minecraft:jump":223,"minecraft:time_since_death":4047,"minecraft:sleep_in_bed":1,"minecraft:climb_one_cm":1030,"minecraft:total_world_time":13384,"minecraft:fall_one_cm":4048},"minecraft:mined":{"minecraft:hay_block":44,"minecraft:yellow_bed":1,"minecraft:grass":2,"realmrpg_skeletons:rookie_skeleton":1,"minecraft:grass_block":4,"minecraft:stone":9}},"DataVersion":3465}