{"stats":{"minecraft:killed_by":{"minecraft:piglin_brute":2,"minecraft:enderman":1,"alexsmobs:bison":1,"iceandfire:ice_dragon":1,"minecraft:skeleton":1,"alexsmobs:crimson_mosquito":3,"iceandfire:fire_dragon":1},"minecraft:used":{"minecraft:chest":3,"minecraft:shield":8,"minecraft:netherrack":19,"minecraft:oak_door":2,"minecraft:torch":1,"minecraft:dirt":4,"tetra:scroll_rolled":1,"minecraft:bow":13,"minecraft:hay_block":1,"minecraft:furnace":2,"tombstone:gift":2,"minecraft:cobbled_deepslate":19,"minecraft:stone_pickaxe":133,"minecraft:wooden_pickaxe":59,"minecraft:crafting_table":4,"minecraft:bread":48,"minecraft:iron_pickaxe":286,"minecraft:stone_axe":69,"minecraft:diamond_sword":279,"minecraft:cobblestone":42,"minecraft:cooked_porkchop":1,"minecraft:andesite":4,"minecraft:yellow_bed":3},"minecraft:crafted":{"minecraft:oak_door":3,"minecraft:oak_planks":60,"minecraft:furnace":1,"minecraft:iron_boots":1,"minecraft:stone_pickaxe":1,"minecraft:chest":3,"minecraft:golden_helmet":1,"minecraft:wheat":387,"minecraft:diamond_sword":1,"minecraft:crafting_table":2,"minecraft:wooden_pickaxe":1,"minecraft:iron_helmet":1,"minecraft:stone_axe":1,"minecraft:bread":131,"minecraft:iron_chestplate":1,"minecraft:shield":1,"minecraft:stick":24,"minecraft:iron_ingot":45,"minecraft:iron_pickaxe":4,"minecraft:gold_ingot":29,"minecraft:iron_leggings":1,"minecraft:torch":8},"minecraft:killed":{"minecraft:skeleton":14,"alexsmobs:laviathan":2,"alexsmobs:bison":1,"minecraft:piglin":5,"minecraft:hoglin":8,"minecraft:creeper":2,"alexsmobs:crimson_mosquito":27,"minecraft:zombie":8,"minecraft:wither_skeleton":2,"minecraft:blaze":1,"minecraft:enderman":2},"minecraft:dropped":{"minecraft:bread":1,"minecraft:wheat_seeds":1,"minecraft:golden_helmet":3,"minecraft:diamond":5,"minecraft:weeping_vines":1,"minecraft:iron_helmet":1,"minecraft:spectral_arrow":14,"alexsmobs:bison_fur":2,"minecraft:stick":1,"minecraft:emerald":2,"simplehats:sombrero":3,"minecraft:netherite_scrap":3,"tombstone:grave_key":1,"minecraft:wooden_axe":1,"minecraft:crimson_roots":16,"tombstone:grave_dust":1,"minecraft:potion":1,"minecraft:gold_ingot":10,"minecraft:bone":3,"minecraft:gravel":15,"minecraft:crimson_fungus":2,"simplehats:hatbag_rare":1,"tetra:geode":1,"alexsmobs:pigshoes":2,"minecraft:obsidian":1,"tombstone:gift":1,"minecraft:rotten_flesh":35,"alexsmobs:blood_sac":15,"simplehats:hatbag_uncommon":1,"minecraft:andesite":1,"spelunkers_charm:rock":2,"minecraft:golden_sword":2,"minecraft:netherrack":5},"minecraft:picked_up":{"minecraft:wooden_axe":2,"minecraft:crafting_table":2,"simplehats:hatbag_rare":2,"minecraft:gold_block":2,"minecraft:potion":1,"minecraft:nether_brick":12,"minecraft:golden_sword":1,"alexsmobs:pigshoes":2,"minecraft:netherite_scrap":3,"simplehats:sombrero":4,"alexsmobs:blood_sac":15,"minecraft:gold_nugget":174,"minecraft:cobbled_deepslate":20,"minecraft:beef":6,"minecraft:iron_pickaxe":1,"minecraft:furnace":1,"minecraft:golden_helmet":2,"minecraft:stick":11,"minecraft:raw_iron":59,"simplehats:hatbag_common":1,"minecraft:torch":16,"minecraft:porkchop":20,"tombstone:grave_dust":6,"minecraft:weeping_vines":1,"minecraft:arrow":15,"minecraft:rotten_flesh":41,"minecraft:hay_block":44,"minecraft:gold_ingot":1,"sophisticatedbackpacks:copper_backpack":1,"minecraft:blaze_rod":1,"minecraft:obsidian":1,"minecraft:cobblestone":174,"minecraft:andesite":8,"minecraft:leather":10,"alexsmobs:bison_fur":2,"minecraft:crimson_fungus":2,"minecraft:oak_log":15,"minecraft:yellow_bed":3,"minecraft:wither_skeleton_skull":1,"alexsmobs:mosquito_proboscis":2,"minecraft:dirt":8,"tombstone:gift":1,"simplehats:hatbag_epic":1,"minecraft:bone":18,"tetra:scroll_rolled":2,"minecraft:wheat_seeds":1,"minecraft:raw_gold":11,"simplehats:hatbag_uncommon":2,"minecraft:cooked_porkchop":1,"minecraft:gravel":31,"minecraft:spectral_arrow":14,"minecraft:bundle":1,"tetra:geode":1,"minecraft:diamond":7,"minecraft:iron_helmet":1,"minecraft:spruce_sign":20,"minecraft:bread":1,"spelunkers_charm:rock":2,"minecraft:netherrack":24,"minecraft:coal":99,"iceandfire:raw_silver":3,"minecraft:crimson_roots":16,"minecraft:ender_pearl":1},"minecraft:broken":{"minecraft:golden_helmet":1,"minecraft:iron_boots":1,"minecraft:wooden_pickaxe":1,"minecraft:stone_pickaxe":1,"minecraft:iron_pickaxe":1},"minecraft:custom":{"minecraft:mob_kills":73,"minecraft:interact_with_crafting_table":31,"minecraft:open_barrel":6,"minecraft:leave_game":2,"minecraft:time_since_death":15141,"minecraft:climb_one_cm":1328,"minecraft:sprint_one_cm":198661,"minecraft:walk_one_cm":604569,"minecraft:damage_blocked_by_shield":350,"minecraft:drop":57,"minecraft:play_time":136531,"minecraft:deaths":11,"minecraft:sneak_time":2659,"minecraft:walk_under_water_one_cm":4516,"minecraft:jump":2251,"minecraft:walk_on_water_one_cm":9441,"minecraft:total_world_time":136531,"minecraft:interact_with_furnace":21,"minecraft:sleep_in_bed":4,"minecraft:time_since_rest":14816,"minecraft:damage_taken":5479,"minecraft:damage_dealt":13350,"minecraft:swim_one_cm":3449,"minecraft:fly_one_cm":485812,"minecraft:open_chest":18,"minecraft:crouch_one_cm":3839,"tombstone:undead_killed":24,"minecraft:fall_one_cm":45020},"minecraft:mined":{"minecraft:nether_gold_ore":34,"iceandfire:silver_ore":3,"minecraft:deepslate_diamond_ore":7,"tetra:block_geode":1,"minecraft:grass_block":7,"minecraft:crimson_roots":17,"minecraft:weeping_vines":1,"realmrpg_skeletons:burnt_skeleton":1,"minecraft:crimson_fungus":2,"realmrpg_skeletons:dungeon_crawler_skeleton":1,"minecraft:spawner":1,"minecraft:hay_block":44,"minecraft:glowstone":2,"minecraft:furnace":1,"minecraft:iron_ore":44,"minecraft:andesite":8,"minecraft:gold_block":2,"realmrpg_skeletons:rookie_skeleton":1,"minecraft:deepslate_iron_ore":18,"minecraft:stone":180,"minecraft:blackstone":3,"tetra:scroll_rolled":1,"minecraft:crafting_table":2,"minecraft:torch":1,"minecraft:light_gray_wall_banner":1,"spelunkers_charm:dead_grass":1,"spelunkers_charm:rock_pile_2":1,"minecraft:cobblestone":6,"minecraft:deepslate_gold_ore":8,"minecraft:warped_nylium":1,"minecraft:yellow_bed":3,"minecraft:grass":2,"minecraft:oak_log":8,"minecraft:coal_ore":87,"minecraft:gravel":1,"minecraft:dirt":1,"minecraft:netherrack":25,"minecraft:gold_ore":4,"minecraft:oak_leaves":1,"minecraft:deepslate":40}},"DataVersion":3465}