{"stats":{"minecraft:killed_by":{"iceandfire:ice_dragon":1,"minecraft:skeleton":1,"iceandfire:fire_dragon":1},"minecraft:used":{"minecraft:stone_pickaxe":133,"minecraft:wooden_pickaxe":59,"minecraft:dirt":4,"minecraft:crafting_table":3,"minecraft:bread":16,"minecraft:iron_pickaxe":130,"minecraft:stone_axe":60,"minecraft:cobblestone":26,"minecraft:hay_block":1,"minecraft:furnace":1,"minecraft:andesite":4,"tombstone:gift":2,"minecraft:yellow_bed":2},"minecraft:crafted":{"minecraft:oak_planks":28,"minecraft:crafting_table":2,"minecraft:wooden_pickaxe":1,"minecraft:furnace":1,"minecraft:stone_axe":1,"minecraft:bread":131,"minecraft:iron_boots":1,"minecraft:iron_chestplate":1,"minecraft:shield":1,"minecraft:stick":12,"minecraft:iron_ingot":18,"minecraft:iron_pickaxe":1,"minecraft:stone_pickaxe":1,"minecraft:torch":8,"minecraft:wheat":387},"minecraft:killed":{"minecraft:creeper":1,"minecraft:skeleton":8,"minecraft:zombie":8},"minecraft:dropped":{"minecraft:wheat_seeds":1,"tetra:geode":1,"tombstone:gift":1,"minecraft:emerald":2,"tombstone:grave_key":1,"minecraft:andesite":1,"spelunkers_charm:rock":2},"minecraft:picked_up":{"minecraft:crafting_table":2,"simplehats:hatbag_rare":1,"minecraft:andesite":8,"minecraft:oak_log":7,"minecraft:yellow_bed":3,"minecraft:dirt":8,"tombstone:gift":1,"simplehats:hatbag_epic":1,"minecraft:bone":15,"minecraft:wheat_seeds":1,"minecraft:cobbled_deepslate":20,"minecraft:raw_gold":11,"simplehats:hatbag_uncommon":1,"minecraft:furnace":1,"minecraft:stick":4,"minecraft:raw_iron":59,"simplehats:hatbag_common":1,"minecraft:gravel":1,"tombstone:grave_dust":5,"minecraft:arrow":8,"minecraft:rotten_flesh":6,"tetra:geode":1,"minecraft:diamond":7,"minecraft:hay_block":44,"minecraft:spruce_sign":20,"spelunkers_charm:rock":2,"minecraft:coal":97,"iceandfire:raw_silver":3,"minecraft:cobblestone":96},"minecraft:custom":{"minecraft:interact_with_furnace":10,"minecraft:mob_kills":17,"minecraft:interact_with_crafting_table":19,"minecraft:time_since_death":13582,"minecraft:sleep_in_bed":3,"minecraft:climb_one_cm":1030,"minecraft:time_since_rest":11183,"minecraft:sprint_one_cm":71118,"minecraft:damage_taken":2031,"minecraft:walk_one_cm":247826,"minecraft:drop":7,"minecraft:damage_dealt":3463,"minecraft:swim_one_cm":3449,"minecraft:fly_one_cm":204369,"minecraft:open_chest":2,"minecraft:crouch_one_cm":3616,"minecraft:play_time":61384,"tombstone:undead_killed":16,"minecraft:deaths":4,"minecraft:sneak_time":2474,"minecraft:walk_under_water_one_cm":4469,"minecraft:jump":1001,"minecraft:walk_on_water_one_cm":9441,"minecraft:total_world_time":61384,"minecraft:fall_one_cm":25300},"minecraft:broken":{"minecraft:stone_pickaxe":1,"minecraft:wooden_pickaxe":1},"minecraft:mined":{"iceandfire:silver_ore":3,"minecraft:deepslate_diamond_ore":7,"tetra:block_geode":1,"minecraft:crafting_table":2,"minecraft:grass_block":7,"spelunkers_charm:dead_grass":1,"spelunkers_charm:rock_pile_2":1,"minecraft:cobblestone":6,"minecraft:deepslate_gold_ore":8,"minecraft:spawner":1,"minecraft:hay_block":44,"minecraft:furnace":1,"minecraft:iron_ore":44,"minecraft:andesite":8,"minecraft:yellow_bed":3,"minecraft:grass":2,"realmrpg_skeletons:rookie_skeleton":1,"minecraft:coal_ore":87,"minecraft:deepslate_iron_ore":18,"minecraft:gravel":1,"minecraft:dirt":1,"minecraft:stone":91,"minecraft:gold_ore":4,"minecraft:deepslate":40}},"DataVersion":3465}