{"stats":{"minecraft:killed_by":{"minecraft:piglin_brute":2,"iceandfire:ice_dragon":1,"minecraft:skeleton":1,"alexsmobs:crimson_mosquito":1,"minecraft:enderman":1,"alexsmobs:bison":1,"iceandfire:fire_dragon":1},"minecraft:used":{"minecraft:stone_pickaxe":133,"minecraft:chest":3,"minecraft:shield":8,"minecraft:wooden_pickaxe":59,"minecraft:oak_door":2,"minecraft:dirt":4,"minecraft:crafting_table":4,"minecraft:bread":31,"minecraft:iron_pickaxe":259,"minecraft:stone_axe":69,"minecraft:diamond_sword":129,"minecraft:cobblestone":29,"minecraft:hay_block":1,"minecraft:furnace":2,"minecraft:andesite":4,"tombstone:gift":2,"minecraft:yellow_bed":3,"minecraft:cobbled_deepslate":19},"minecraft:crafted":{"minecraft:oak_door":3,"minecraft:oak_planks":60,"minecraft:diamond_sword":1,"minecraft:crafting_table":2,"minecraft:wooden_pickaxe":1,"minecraft:iron_helmet":1,"minecraft:furnace":1,"minecraft:stone_axe":1,"minecraft:bread":131,"minecraft:iron_boots":1,"minecraft:iron_chestplate":1,"minecraft:shield":1,"minecraft:stick":24,"minecraft:iron_ingot":45,"minecraft:iron_pickaxe":4,"minecraft:stone_pickaxe":1,"minecraft:gold_ingot":11,"minecraft:iron_leggings":1,"minecraft:chest":3,"minecraft:torch":8,"minecraft:golden_helmet":1,"minecraft:wheat":387},"minecraft:killed":{"minecraft:hoglin":2,"minecraft:creeper":2,"alexsmobs:crimson_mosquito":11,"minecraft:skeleton":14,"minecraft:zombie":8,"alexsmobs:bison":1,"minecraft:enderman":2},"minecraft:dropped":{"minecraft:crimson_fungus":2,"minecraft:wheat_seeds":1,"minecraft:golden_helmet":2,"minecraft:diamond":5,"tetra:geode":1,"alexsmobs:pigshoes":2,"minecraft:obsidian":1,"tombstone:gift":1,"minecraft:weeping_vines":1,"minecraft:spectral_arrow":14,"minecraft:emerald":2,"tombstone:grave_key":1,"minecraft:andesite":1,"minecraft:golden_sword":1,"minecraft:potion":1,"tombstone:grave_dust":1,"spelunkers_charm:rock":2,"minecraft:bone":3,"minecraft:gold_ingot":7},"minecraft:picked_up":{"minecraft:crafting_table":2,"simplehats:hatbag_rare":1,"minecraft:andesite":8,"minecraft:leather":6,"alexsmobs:bison_fur":1,"minecraft:potion":1,"minecraft:crimson_fungus":2,"minecraft:nether_brick":12,"minecraft:oak_log":15,"minecraft:yellow_bed":3,"minecraft:golden_sword":1,"alexsmobs:mosquito_proboscis":2,"minecraft:dirt":8,"tombstone:gift":1,"alexsmobs:pigshoes":2,"simplehats:hatbag_epic":1,"minecraft:bone":18,"alexsmobs:blood_sac":8,"minecraft:wheat_seeds":1,"minecraft:gold_nugget":106,"minecraft:cobbled_deepslate":20,"minecraft:raw_gold":11,"minecraft:beef":6,"simplehats:hatbag_uncommon":2,"minecraft:furnace":1,"minecraft:golden_helmet":1,"minecraft:stick":4,"minecraft:raw_iron":59,"simplehats:hatbag_common":1,"minecraft:torch":15,"minecraft:gravel":1,"minecraft:porkchop":4,"tombstone:grave_dust":6,"minecraft:bundle":1,"minecraft:spectral_arrow":14,"minecraft:weeping_vines":1,"minecraft:arrow":15,"minecraft:rotten_flesh":41,"tetra:geode":1,"minecraft:diamond":7,"minecraft:hay_block":44,"sophisticatedbackpacks:copper_backpack":1,"minecraft:netherrack":19,"minecraft:spruce_sign":20,"minecraft:crimson_roots":2,"minecraft:obsidian":1,"spelunkers_charm:rock":2,"minecraft:coal":97,"iceandfire:raw_silver":3,"minecraft:cobblestone":174,"minecraft:ender_pearl":1},"minecraft:custom":{"minecraft:interact_with_furnace":21,"minecraft:mob_kills":41,"minecraft:interact_with_crafting_table":31,"minecraft:time_since_death":1069,"minecraft:sleep_in_bed":4,"minecraft:climb_one_cm":1328,"minecraft:time_since_rest":701,"minecraft:sprint_one_cm":142712,"minecraft:damage_taken":3781,"minecraft:walk_one_cm":420698,"minecraft:damage_blocked_by_shield":350,"minecraft:drop":33,"minecraft:damage_dealt":8130,"minecraft:swim_one_cm":3449,"minecraft:fly_one_cm":398707,"minecraft:open_chest":16,"minecraft:crouch_one_cm":3638,"minecraft:play_time":109384,"tombstone:undead_killed":22,"minecraft:deaths":9,"minecraft:sneak_time":2523,"minecraft:walk_under_water_one_cm":4516,"minecraft:jump":1676,"minecraft:walk_on_water_one_cm":9441,"minecraft:total_world_time":109384,"minecraft:fall_one_cm":37832},"minecraft:broken":{"minecraft:stone_pickaxe":1,"minecraft:iron_pickaxe":1,"minecraft:wooden_pickaxe":1},"minecraft:mined":{"minecraft:nether_gold_ore":17,"iceandfire:silver_ore":3,"minecraft:blackstone":3,"minecraft:deepslate_diamond_ore":7,"tetra:block_geode":1,"minecraft:crafting_table":2,"minecraft:grass_block":7,"spelunkers_charm:dead_grass":1,"minecraft:crimson_roots":4,"minecraft:weeping_vines":1,"spelunkers_charm:rock_pile_2":1,"minecraft:cobblestone":6,"minecraft:deepslate_gold_ore":8,"minecraft:crimson_fungus":1,"realmrpg_skeletons:dungeon_crawler_skeleton":1,"minecraft:spawner":1,"minecraft:hay_block":44,"minecraft:warped_nylium":1,"minecraft:furnace":1,"minecraft:iron_ore":44,"minecraft:andesite":8,"minecraft:yellow_bed":3,"minecraft:grass":2,"realmrpg_skeletons:rookie_skeleton":1,"minecraft:oak_log":8,"minecraft:coal_ore":87,"minecraft:deepslate_iron_ore":18,"minecraft:gravel":1,"minecraft:dirt":1,"minecraft:netherrack":19,"minecraft:stone":180,"minecraft:gold_ore":4,"minecraft:oak_leaves":1,"minecraft:deepslate":40}},"DataVersion":3465}