{"stats":{"minecraft:killed_by":{"iceandfire:ice_dragon":1,"iceandfire:fire_dragon":1},"minecraft:used":{"minecraft:bread":3,"minecraft:stone_pickaxe":110,"minecraft:wooden_pickaxe":59,"minecraft:stone_axe":13,"minecraft:dirt":4,"minecraft:cobblestone":17,"minecraft:hay_block":1,"minecraft:crafting_table":2,"minecraft:yellow_bed":1,"tombstone:gift":1},"minecraft:crafted":{"minecraft:oak_planks":28,"minecraft:crafting_table":2,"minecraft:stick":12,"minecraft:wooden_pickaxe":1,"minecraft:stone_pickaxe":1,"minecraft:torch":8,"minecraft:stone_axe":1,"minecraft:bread":131,"minecraft:wheat":387},"minecraft:dropped":{"tombstone:grave_key":1,"tombstone:gift":1},"minecraft:killed":{"minecraft:skeleton":2,"minecraft:zombie":2},"minecraft:picked_up":{"minecraft:raw_iron":9,"minecraft:stick":4,"minecraft:crafting_table":1,"simplehats:hatbag_common":1,"minecraft:andesite":3,"minecraft:gravel":1,"minecraft:oak_log":7,"minecraft:yellow_bed":2,"minecraft:dirt":8,"tombstone:gift":1,"simplehats:hatbag_epic":1,"minecraft:arrow":1,"minecraft:bone":7,"minecraft:rotten_flesh":3,"minecraft:wheat_seeds":1,"minecraft:hay_block":44,"minecraft:spruce_sign":20,"spelunkers_charm:rock":2,"minecraft:coal":66,"iceandfire:raw_silver":3,"minecraft:cobblestone":84},"minecraft:broken":{"minecraft:wooden_pickaxe":1},"minecraft:custom":{"minecraft:time_since_rest":4042,"minecraft:sprint_one_cm":34776,"minecraft:damage_taken":930,"minecraft:walk_one_cm":97874,"minecraft:mob_kills":4,"minecraft:drop":2,"minecraft:damage_dealt":810,"minecraft:interact_with_crafting_table":6,"minecraft:fly_one_cm":68238,"minecraft:open_chest":1,"minecraft:crouch_one_cm":542,"minecraft:play_time":25384,"tombstone:undead_killed":4,"minecraft:deaths":3,"minecraft:sneak_time":413,"minecraft:walk_under_water_one_cm":3620,"minecraft:jump":379,"minecraft:walk_on_water_one_cm":7689,"minecraft:time_since_death":16047,"minecraft:sleep_in_bed":2,"minecraft:climb_one_cm":1030,"minecraft:total_world_time":25384,"minecraft:fall_one_cm":6287},"minecraft:mined":{"minecraft:hay_block":44,"iceandfire:silver_ore":3,"minecraft:iron_ore":9,"minecraft:andesite":3,"minecraft:crafting_table":1,"minecraft:yellow_bed":2,"minecraft:grass":2,"realmrpg_skeletons:rookie_skeleton":1,"minecraft:coal_ore":66,"minecraft:grass_block":7,"spelunkers_charm:dead_grass":1,"minecraft:gravel":1,"minecraft:dirt":1,"spelunkers_charm:rock_pile_2":1,"minecraft:cobblestone":6,"minecraft:stone":79}},"DataVersion":3465}