{"stats":{"minecraft:crafted":{"sophisticatedbackpacks:backpack":1,"vanillaplustools:stone_hammer":2,"minecraft:crafting_table":1,"minecraft:spruce_planks":20,"minecraft:furnace":8,"minecraft:copper_ingot":8,"minecraft:stone":448,"sophisticatedbackpacks:gold_backpack":1,"minecraft:air":0,"sophisticatedbackpacks:copper_backpack":1,"minecraft:iron_hoe":1,"minecraft:stick":64,"minecraft:stone_pickaxe":18,"minecraft:chest":1,"tetra:modular_double":1,"sophisticatedbackpacks:iron_backpack":1},"minecraft:used":{"tombstone:scroll_of_lightning_resistance":4,"minecraft:iron_sword":58,"vanillaplustools:stone_hammer":151,"minecraft:torch":22,"minecraft:dirt":10,"minecraft:anvil":2,"minecraft:crafting_table":5,"tetra:modular_double":8,"minecraft:white_bed":2,"minecraft:iron_hoe":109,"vanillaplustools:iron_shovel":1,"sophisticatedbackpacks:backpack":1,"minecraft:iron_axe":136,"minecraft:bread":20,"minecraft:iron_pickaxe":55,"minecraft:cobblestone":38,"minecraft:bow":5,"minecraft:furnace":8,"tombstone:gift":2,"minecraft:cobweb":28},"minecraft:killed":{"minecraft:spider":1,"minecraft:creeper":1,"alexsmobs:crimson_mosquito":3,"minecraft:horse":3,"minecraft:zombie":8,"alexsmobs:crow":1,"alexsmobs:fly":1},"minecraft:picked_up":{"sophisticatedbackpacks:gold_backpack":1,"minecraft:iron_chestplate":1,"minecraft:crafting_table":5,"minecraft:flower_pot":1,"minecraft:anvil":4,"minecraft:andesite":10,"minecraft:leather":13,"simplehats:beret_ribbon":1,"minecraft:brick":11,"minecraft:string":29,"minecraft:dirt":10,"minecraft:raw_copper":84,"minecraft:iron_axe":1,"simplehats:hatbag_epic":1,"minecraft:iron_leggings":1,"minecraft:white_carpet":1,"minecraft:bone":4,"minecraft:oak_sign":34,"minecraft:gray_carpet":2,"alexsmobs:blood_sac":11,"minecraft:wheat_seeds":6,"simplehats:hatbag_uncommon":1,"minecraft:iron_pickaxe":2,"minecraft:coal_block":1,"minecraft:golden_helmet":1,"minecraft:iron_sword":1,"minecraft:iron_boots":1,"minecraft:furnace":8,"minecraft:book":267,"minecraft:stick":1,"minecraft:raw_iron":27,"minecraft:copper_ingot":8,"minecraft:torch":23,"vanillaplustools:iron_shovel":1,"sophisticatedbackpacks:backpack":1,"tombstone:grave_dust":3,"minecraft:white_bed":3,"minecraft:spruce_log":64,"minecraft:arrow":6,"minecraft:rotten_flesh":5,"minecraft:hay_block":97,"minecraft:iron_helmet":1,"simplehats:angel_and_devil":1,"minecraft:granite":30,"minecraft:bread":20,"tombstone:magic_scroll":2,"spelunkers_charm:rock":9,"minecraft:coal":62,"iceandfire:raw_silver":2,"minecraft:cobblestone":1006},"minecraft:dropped":{"sophisticatedbackpacks:iron_backpack":1,"minecraft:iron_sword":1,"minecraft:wheat_seeds":2,"minecraft:golden_helmet":1,"alexsmobs:animal_dictionary":1,"tombstone:gift":1,"minecraft:iron_helmet":1,"minecraft:rotten_flesh":2,"minecraft:cobblestone":101,"minecraft:iron_boots":1,"iceandfire:cyclops_eye":1,"minecraft:carrot":11,"sophisticatedbackpacks:gold_backpack":1,"spartanshields:golden_tower_shield":1,"alexsmobs:blood_sac":9,"mca:book_romance":1,"tombstone:magic_scroll":1,"minecraft:torch":19,"minecraft:iron_chestplate":1,"minecraft:iron_leggings":1,"tombstone:grave_dust":3,"minecraft:iron_axe":1,"tetra:holo":1,"minecraft:arrow":4,"minecraft:iron_pickaxe":1,"minecraft:gold_ingot":5,"minecraft:gray_carpet":2,"minecraft:bone":2},"minecraft:broken":{"vanillaplustools:stone_hammer":1},"minecraft:custom":{"minecraft:interact_with_furnace":40,"minecraft:interact_with_anvil":4,"minecraft:mob_kills":18,"minecraft:interact_with_crafting_table":30,"minecraft:bell_ring":1,"minecraft:time_since_death":96507,"minecraft:sleep_in_bed":5,"minecraft:climb_one_cm":6310,"minecraft:time_since_rest":31225,"minecraft:sprint_one_cm":210867,"minecraft:damage_taken":610,"minecraft:walk_one_cm":247531,"minecraft:drop":40,"minecraft:damage_dealt":3630,"tombstone:cast_on_ally":2,"minecraft:swim_one_cm":13189,"minecraft:fly_one_cm":251628,"minecraft:player_kills":1,"minecraft:open_chest":100,"minecraft:crouch_one_cm":6800,"minecraft:play_time":96507,"tombstone:undead_killed":8,"minecraft:sneak_time":2113,"minecraft:walk_under_water_one_cm":932,"tombstone:tomb_raiding":1,"minecraft:jump":1120,"minecraft:walk_on_water_one_cm":12676,"minecraft:total_world_time":96507,"minecraft:fall_one_cm":21772},"minecraft:mined":{"minecraft:white_bed":2,"iceandfire:silver_ore":2,"minecraft:crafting_table":1,"minecraft:torch":17,"minecraft:granite":31,"minecraft:grass_block":10,"minecraft:decorated_pot":4,"spelunkers_charm:dead_grass":1,"minecraft:coal_block":1,"minecraft:tall_grass":17,"minecraft:copper_ore":14,"minecraft:wall_torch":9,"minecraft:hay_block":98,"minecraft:white_terracotta":4,"spelunkers_charm:rock_pile_3":3,"realmrpg_skeletons:bow_skeleton":1,"minecraft:furnace":8,"tetra:basic_workbench":3,"minecraft:iron_ore":27,"minecraft:andesite":10,"minecraft:anvil":4,"minecraft:grass":100,"minecraft:bookshelf":89,"minecraft:coal_ore":62,"minecraft:flower_pot":1,"minecraft:gravel":2,"minecraft:cobweb":9,"minecraft:stone":991,"minecraft:tripwire":1,"minecraft:spruce_slab":1,"minecraft:oak_leaves":3}},"DataVersion":3465}