{"stats":{"minecraft:crafted":{"vanillaplustools:stone_hammer":1,"minecraft:crafting_table":1,"minecraft:spruce_planks":20,"minecraft:stick":32,"minecraft:stone_pickaxe":9},"minecraft:used":{"vanillaplustools:iron_shovel":1,"minecraft:iron_axe":3,"minecraft:iron_pickaxe":39,"minecraft:dirt":9,"minecraft:crafting_table":1,"minecraft:white_bed":1},"minecraft:killed":{"alexsmobs:fly":1,"minecraft:creeper":1},"minecraft:dropped":{"mca:book_romance":1,"alexsmobs:animal_dictionary":1,"minecraft:arrow":4,"minecraft:bone":2},"minecraft:picked_up":{"minecraft:iron_chestplate":1,"vanillaplustools:iron_shovel":1,"simplehats:beret_ribbon":1,"minecraft:white_bed":1,"minecraft:spruce_log":64,"minecraft:dirt":9,"minecraft:iron_axe":1,"minecraft:iron_leggings":1,"minecraft:arrow":6,"minecraft:bone":4,"minecraft:wheat_seeds":2,"minecraft:iron_helmet":1,"minecraft:bread":20,"simplehats:hatbag_uncommon":1,"minecraft:iron_pickaxe":2,"minecraft:iron_sword":1,"minecraft:iron_boots":1,"minecraft:cobblestone":39},"minecraft:custom":{"minecraft:time_since_rest":2692,"minecraft:sprint_one_cm":24502,"minecraft:walk_one_cm":23289,"minecraft:mob_kills":2,"minecraft:drop":8,"minecraft:damage_dealt":224,"minecraft:interact_with_crafting_table":2,"minecraft:fly_one_cm":39579,"minecraft:open_chest":12,"minecraft:crouch_one_cm":379,"minecraft:play_time":12507,"minecraft:sneak_time":160,"minecraft:jump":136,"minecraft:time_since_death":12507,"minecraft:sleep_in_bed":2,"minecraft:total_world_time":12507,"minecraft:fall_one_cm":1581},"minecraft:mined":{"minecraft:grass":22,"minecraft:grass_block":9,"minecraft:tall_grass":4,"minecraft:stone":39}},"DataVersion":3465}