{"stats":{"minecraft:crafted":{"minecraft:stone_shovel":9,"vanillaplustools:stone_hammer":2,"minecraft:furnace":8,"minecraft:stone":448,"sophisticatedbackpacks:copper_backpack":1,"minecraft:iron_hoe":1,"minecraft:stone_pickaxe":18,"minecraft:chest":1,"vanillaplustools:stone_shovel":1,"tetra:modular_double":1,"sophisticatedbackpacks:iron_backpack":1,"sophisticatedbackpacks:backpack":1,"minecraft:crafting_table":1,"minecraft:spruce_planks":20,"minecraft:copper_ingot":8,"sophisticatedbackpacks:gold_backpack":1,"minecraft:air":0,"minecraft:stick":76},"minecraft:used":{"tombstone:scroll_of_lightning_resistance":4,"minecraft:iron_sword":149,"vanillaplustools:stone_hammer":160,"minecraft:torch":25,"minecraft:dirt":47,"minecraft:anvil":2,"vanillaplustools:iron_shovel":1,"minecraft:iron_hoe":109,"minecraft:iron_axe":225,"minecraft:bow":104,"minecraft:furnace":8,"tombstone:gift":4,"minecraft:white_wool":4,"minecraft:crafting_table":6,"vanillaplustools:stone_shovel":63,"tetra:modular_double":8,"minecraft:white_bed":2,"sophisticatedbackpacks:backpack":1,"minecraft:bread":28,"minecraft:iron_pickaxe":91,"minecraft:cobblestone":38,"minecraft:cobweb":28},"minecraft:killed":{"alexsmobs:raccoon":1,"minecraft:spider":2,"minecraft:horse":3,"minecraft:chicken":1,"iceandfire:cyclops":1,"minecraft:creeper":2,"alexsmobs:crimson_mosquito":3,"minecraft:sheep":2,"minecraft:zombie":11,"alexsmobs:fly":1,"alexsmobs:crow":3},"minecraft:picked_up":{"sophisticatedbackpacks:gold_backpack":1,"minecraft:crafting_table":6,"minecraft:iron_chestplate":1,"iceandfire:pixie_house_oak":2,"minecraft:chicken":2,"minecraft:anvil":4,"minecraft:flower_pot":1,"minecraft:brick":11,"minecraft:cornflower":3,"minecraft:string":32,"minecraft:iron_axe":1,"minecraft:raw_copper":84,"minecraft:iron_leggings":1,"minecraft:white_carpet":1,"minecraft:oak_sign":34,"alexsmobs:blood_sac":11,"minecraft:iron_pickaxe":2,"minecraft:coal_block":1,"minecraft:birch_sapling":1,"minecraft:iron_boots":1,"minecraft:furnace":8,"minecraft:stick":1,"minecraft:golden_helmet":1,"minecraft:raw_iron":27,"minecraft:copper_ingot":8,"minecraft:torch":26,"vanillaplustools:iron_shovel":1,"sophisticatedbackpacks:backpack":1,"simplehats:amalgalichhat":1,"tombstone:grave_dust":3,"minecraft:arrow":6,"minecraft:weeping_vines":8,"minecraft:rotten_flesh":9,"minecraft:hay_block":97,"minecraft:mutton":5,"minecraft:cobblestone":1060,"minecraft:white_wool":8,"minecraft:birch_log":76,"minecraft:feather":7,"minecraft:andesite":10,"minecraft:leather":15,"simplehats:beret_ribbon":1,"minecraft:gunpowder":1,"minecraft:dirt":299,"simplehats:hatbag_epic":2,"minecraft:bone":4,"minecraft:gray_carpet":2,"minecraft:wheat_seeds":28,"simplehats:hatbag_uncommon":1,"minecraft:iron_sword":1,"minecraft:book":267,"minecraft:dandelion":10,"iceandfire:pixie_house_birch":2,"minecraft:white_bed":3,"minecraft:spruce_log":64,"minecraft:spider_eye":2,"minecraft:iron_helmet":1,"simplehats:angel_and_devil":1,"minecraft:granite":30,"minecraft:bread":20,"tombstone:magic_scroll":2,"spelunkers_charm:rock":9,"minecraft:coal":74,"iceandfire:raw_silver":3},"minecraft:dropped":{"sophisticatedbackpacks:iron_backpack":1,"minecraft:iron_sword":1,"minecraft:wheat_seeds":2,"minecraft:golden_helmet":1,"minecraft:iron_helmet":1,"minecraft:cobblestone":101,"iceandfire:cyclops_eye":1,"sophisticatedbackpacks:gold_backpack":1,"spartanshields:golden_tower_shield":1,"mca:book_romance":1,"tombstone:magic_scroll":1,"minecraft:torch":19,"tombstone:grave_dust":3,"minecraft:iron_leggings":1,"tetra:holo":1,"minecraft:iron_axe":1,"minecraft:iron_pickaxe":1,"minecraft:gray_carpet":2,"minecraft:gold_ingot":5,"minecraft:bone":2,"alexsmobs:animal_dictionary":1,"tombstone:gift":1,"minecraft:rotten_flesh":6,"minecraft:iron_boots":1,"minecraft:carrot":11,"alexsmobs:blood_sac":9,"minecraft:gunpowder":1,"minecraft:iron_chestplate":1,"minecraft:arrow":4},"minecraft:broken":{"vanillaplustools:stone_hammer":1},"minecraft:custom":{"minecraft:mob_kills":30,"minecraft:interact_with_anvil":4,"minecraft:interact_with_crafting_table":32,"minecraft:bell_ring":1,"minecraft:time_since_death":120507,"minecraft:climb_one_cm":6808,"minecraft:sprint_one_cm":269756,"minecraft:walk_one_cm":290753,"minecraft:drop":43,"minecraft:play_time":120507,"minecraft:sneak_time":2382,"minecraft:walk_under_water_one_cm":1099,"tombstone:tomb_raiding":1,"minecraft:jump":1677,"minecraft:walk_on_water_one_cm":12780,"minecraft:total_world_time":120507,"minecraft:interact_with_furnace":40,"minecraft:sleep_in_bed":5,"minecraft:time_since_rest":55225,"minecraft:damage_taken":815,"minecraft:damage_dealt":4625,"tombstone:cast_on_ally":2,"minecraft:swim_one_cm":13189,"minecraft:fly_one_cm":374198,"minecraft:player_kills":1,"minecraft:open_chest":100,"minecraft:crouch_one_cm":8109,"tombstone:undead_killed":11,"minecraft:fall_one_cm":41334},"minecraft:mined":{"minecraft:white_bed":2,"iceandfire:silver_ore":3,"iceandfire:pixie_house_birch":2,"minecraft:granite":31,"minecraft:grass_block":171,"minecraft:decorated_pot":4,"iceandfire:pixie_house_oak":2,"minecraft:coal_block":1,"minecraft:hay_block":98,"minecraft:furnace":8,"minecraft:iron_ore":27,"minecraft:andesite":10,"minecraft:anvil":4,"minecraft:bookshelf":89,"minecraft:stone":1045,"minecraft:white_wool":4,"minecraft:spruce_slab":1,"minecraft:tripwire":1,"minecraft:dandelion":6,"minecraft:crafting_table":2,"minecraft:cornflower":1,"minecraft:torch":19,"spelunkers_charm:dead_grass":1,"minecraft:copper_ore":14,"minecraft:tall_grass":58,"minecraft:wall_torch":10,"minecraft:white_terracotta":4,"spelunkers_charm:rock_pile_3":3,"realmrpg_skeletons:bow_skeleton":1,"minecraft:birch_log":77,"tetra:basic_workbench":3,"minecraft:birch_leaves":5,"minecraft:grass":309,"minecraft:coal_ore":74,"minecraft:gravel":2,"minecraft:flower_pot":1,"minecraft:dirt":177,"minecraft:cobweb":9,"minecraft:oak_leaves":3}},"DataVersion":3465}