{"stats":{"minecraft:crafted":{"vanillaplustools:stone_hammer":1,"minecraft:crafting_table":1,"minecraft:spruce_planks":20,"minecraft:stick":32,"minecraft:stone_pickaxe":9},"minecraft:used":{"vanillaplustools:iron_shovel":1,"minecraft:iron_axe":23,"minecraft:bread":5,"minecraft:iron_pickaxe":41,"vanillaplustools:stone_hammer":133,"minecraft:torch":1,"minecraft:dirt":9,"minecraft:cobblestone":38,"minecraft:crafting_table":1,"minecraft:white_bed":1},"minecraft:killed":{"minecraft:zombie":4,"minecraft:spider":1,"alexsmobs:fly":1,"minecraft:creeper":1},"minecraft:dropped":{"mca:book_romance":1,"alexsmobs:animal_dictionary":1,"minecraft:cobblestone":64,"minecraft:arrow":4,"minecraft:bone":2},"minecraft:picked_up":{"minecraft:crafting_table":1,"minecraft:stick":1,"minecraft:raw_iron":23,"minecraft:iron_chestplate":1,"minecraft:andesite":10,"minecraft:torch":4,"vanillaplustools:iron_shovel":1,"simplehats:beret_ribbon":1,"minecraft:white_bed":1,"minecraft:spruce_log":64,"simplehats:hatbag_epic":1,"minecraft:dirt":9,"minecraft:raw_copper":50,"minecraft:iron_axe":1,"minecraft:iron_leggings":1,"minecraft:arrow":6,"minecraft:bone":4,"minecraft:rotten_flesh":1,"minecraft:wheat_seeds":2,"simplehats:angel_and_devil":1,"minecraft:iron_helmet":1,"minecraft:granite":30,"minecraft:bread":20,"simplehats:hatbag_uncommon":1,"minecraft:iron_pickaxe":2,"tombstone:magic_scroll":1,"iceandfire:raw_silver":2,"spelunkers_charm:rock":9,"minecraft:coal":58,"minecraft:iron_sword":1,"minecraft:iron_boots":1,"minecraft:cobblestone":934},"minecraft:broken":{"vanillaplustools:stone_hammer":1},"minecraft:custom":{"minecraft:time_since_rest":14692,"minecraft:sprint_one_cm":59887,"minecraft:damage_taken":174,"minecraft:walk_one_cm":55671,"minecraft:mob_kills":7,"minecraft:drop":9,"minecraft:damage_dealt":1275,"minecraft:swim_one_cm":12483,"minecraft:interact_with_crafting_table":2,"minecraft:fly_one_cm":83186,"minecraft:open_chest":12,"minecraft:crouch_one_cm":3390,"minecraft:play_time":24507,"tombstone:undead_killed":4,"minecraft:sneak_time":978,"minecraft:walk_under_water_one_cm":372,"minecraft:jump":380,"minecraft:walk_on_water_one_cm":9623,"minecraft:time_since_death":24507,"minecraft:sleep_in_bed":2,"minecraft:total_world_time":24507,"minecraft:fall_one_cm":6335},"minecraft:mined":{"spelunkers_charm:rock_pile_3":3,"iceandfire:silver_ore":2,"minecraft:iron_ore":23,"minecraft:andesite":10,"minecraft:crafting_table":1,"minecraft:torch":1,"minecraft:granite":31,"minecraft:grass":29,"spelunkers_charm:dead_grass":1,"minecraft:grass_block":9,"minecraft:coal_ore":58,"minecraft:gravel":2,"minecraft:copper_ore":14,"minecraft:tall_grass":6,"minecraft:stone":928,"minecraft:wall_torch":3}},"DataVersion":3465}