{"stats":{"minecraft:used":{"minecraft:iron_sword":13,"vanillaplustools:stone_hammer":133,"minecraft:torch":16,"minecraft:dirt":9,"minecraft:anvil":1,"minecraft:crafting_table":2,"minecraft:white_bed":1,"vanillaplustools:iron_shovel":1,"sophisticatedbackpacks:backpack":1,"minecraft:iron_axe":38,"minecraft:bread":11,"minecraft:iron_pickaxe":51,"minecraft:cobblestone":38,"minecraft:furnace":8,"tombstone:gift":2,"minecraft:cobweb":28},"minecraft:crafted":{"sophisticatedbackpacks:backpack":1,"vanillaplustools:stone_hammer":1,"minecraft:crafting_table":1,"minecraft:spruce_planks":20,"minecraft:furnace":8,"minecraft:copper_ingot":8,"minecraft:stone":448,"minecraft:air":0,"sophisticatedbackpacks:copper_backpack":1,"minecraft:stick":32,"minecraft:stone_pickaxe":9,"minecraft:chest":1},"minecraft:killed":{"minecraft:spider":1,"minecraft:creeper":1,"minecraft:zombie":4,"alexsmobs:crow":1,"alexsmobs:fly":1},"minecraft:dropped":{"minecraft:wheat_seeds":1,"alexsmobs:animal_dictionary":1,"minecraft:cobblestone":101,"iceandfire:cyclops_eye":1,"mca:book_romance":1,"tombstone:magic_scroll":1,"tombstone:grave_dust":3,"minecraft:arrow":4,"minecraft:gray_carpet":2,"minecraft:bone":2},"minecraft:picked_up":{"minecraft:iron_chestplate":1,"minecraft:crafting_table":1,"minecraft:anvil":3,"minecraft:andesite":10,"minecraft:leather":6,"simplehats:beret_ribbon":1,"minecraft:string":28,"minecraft:dirt":9,"minecraft:raw_copper":50,"minecraft:iron_axe":1,"simplehats:hatbag_epic":1,"minecraft:iron_leggings":1,"minecraft:bone":4,"minecraft:gray_carpet":2,"minecraft:wheat_seeds":3,"simplehats:hatbag_uncommon":1,"minecraft:iron_pickaxe":2,"minecraft:iron_sword":1,"minecraft:iron_boots":1,"minecraft:stick":1,"minecraft:raw_iron":26,"minecraft:torch":18,"vanillaplustools:iron_shovel":1,"sophisticatedbackpacks:backpack":1,"tombstone:grave_dust":2,"minecraft:white_bed":1,"minecraft:spruce_log":64,"minecraft:arrow":6,"minecraft:rotten_flesh":1,"minecraft:iron_helmet":1,"simplehats:angel_and_devil":1,"minecraft:granite":30,"minecraft:bread":20,"tombstone:magic_scroll":2,"spelunkers_charm:rock":9,"minecraft:coal":58,"iceandfire:raw_silver":2,"minecraft:cobblestone":934},"minecraft:broken":{"vanillaplustools:stone_hammer":1},"minecraft:custom":{"minecraft:interact_with_furnace":37,"minecraft:mob_kills":8,"minecraft:interact_with_crafting_table":11,"minecraft:bell_ring":1,"minecraft:time_since_death":60507,"minecraft:sleep_in_bed":4,"minecraft:climb_one_cm":4344,"minecraft:time_since_rest":16042,"minecraft:sprint_one_cm":135222,"minecraft:damage_taken":266,"minecraft:walk_one_cm":144978,"minecraft:drop":17,"minecraft:damage_dealt":1613,"tombstone:cast_on_ally":1,"minecraft:swim_one_cm":12483,"minecraft:fly_one_cm":160053,"minecraft:open_chest":67,"minecraft:crouch_one_cm":4205,"minecraft:play_time":60507,"tombstone:undead_killed":4,"minecraft:sneak_time":1210,"minecraft:walk_under_water_one_cm":372,"minecraft:jump":695,"minecraft:walk_on_water_one_cm":9623,"minecraft:total_world_time":60507,"minecraft:fall_one_cm":12617},"minecraft:mined":{"iceandfire:silver_ore":2,"minecraft:crafting_table":1,"minecraft:torch":13,"minecraft:granite":31,"minecraft:grass_block":9,"minecraft:decorated_pot":1,"spelunkers_charm:dead_grass":1,"minecraft:tall_grass":9,"minecraft:copper_ore":14,"minecraft:wall_torch":8,"minecraft:white_terracotta":4,"spelunkers_charm:rock_pile_3":3,"minecraft:iron_ore":26,"minecraft:andesite":10,"minecraft:anvil":3,"minecraft:grass":76,"minecraft:coal_ore":58,"minecraft:gravel":2,"minecraft:cobweb":9,"minecraft:stone":928,"minecraft:oak_leaves":1}},"DataVersion":3465}