{"stats":{"minecraft:used":{"vanillaplustools:stone_hammer":133,"minecraft:torch":3,"minecraft:dirt":9,"minecraft:crafting_table":1,"minecraft:white_bed":1,"vanillaplustools:iron_shovel":1,"minecraft:iron_axe":29,"minecraft:bread":8,"minecraft:iron_pickaxe":45,"minecraft:cobblestone":38},"minecraft:crafted":{"vanillaplustools:stone_hammer":1,"minecraft:crafting_table":1,"minecraft:spruce_planks":20,"minecraft:stick":32,"minecraft:stone_pickaxe":9},"minecraft:killed":{"minecraft:spider":1,"minecraft:creeper":1,"minecraft:zombie":4,"alexsmobs:fly":1},"minecraft:dropped":{"alexsmobs:animal_dictionary":1,"minecraft:cobblestone":64,"mca:book_romance":1,"minecraft:arrow":4,"minecraft:bone":2},"minecraft:picked_up":{"minecraft:iron_chestplate":1,"minecraft:crafting_table":1,"minecraft:andesite":10,"simplehats:beret_ribbon":1,"minecraft:dirt":9,"minecraft:raw_copper":50,"minecraft:iron_axe":1,"simplehats:hatbag_epic":1,"minecraft:iron_leggings":1,"minecraft:bone":4,"minecraft:wheat_seeds":2,"simplehats:hatbag_uncommon":1,"minecraft:iron_pickaxe":2,"minecraft:iron_sword":1,"minecraft:iron_boots":1,"minecraft:stick":1,"minecraft:raw_iron":23,"minecraft:torch":6,"vanillaplustools:iron_shovel":1,"minecraft:white_bed":1,"minecraft:spruce_log":64,"minecraft:arrow":6,"minecraft:rotten_flesh":1,"minecraft:iron_helmet":1,"simplehats:angel_and_devil":1,"minecraft:granite":30,"minecraft:bread":20,"tombstone:magic_scroll":1,"spelunkers_charm:rock":9,"minecraft:coal":58,"iceandfire:raw_silver":2,"minecraft:cobblestone":934},"minecraft:broken":{"vanillaplustools:stone_hammer":1},"minecraft:custom":{"minecraft:mob_kills":7,"minecraft:interact_with_crafting_table":2,"minecraft:time_since_death":36507,"minecraft:sleep_in_bed":3,"minecraft:climb_one_cm":1820,"minecraft:time_since_rest":9498,"minecraft:sprint_one_cm":97704,"minecraft:damage_taken":214,"minecraft:walk_one_cm":86876,"minecraft:drop":9,"minecraft:damage_dealt":1275,"minecraft:swim_one_cm":12483,"minecraft:fly_one_cm":97344,"minecraft:open_chest":41,"minecraft:crouch_one_cm":3510,"minecraft:play_time":36507,"tombstone:undead_killed":4,"minecraft:sneak_time":1015,"minecraft:walk_under_water_one_cm":372,"minecraft:jump":453,"minecraft:walk_on_water_one_cm":9623,"minecraft:total_world_time":36507,"minecraft:fall_one_cm":9341},"minecraft:mined":{"iceandfire:silver_ore":2,"minecraft:crafting_table":1,"minecraft:torch":2,"minecraft:granite":31,"minecraft:grass_block":9,"spelunkers_charm:dead_grass":1,"minecraft:tall_grass":6,"minecraft:copper_ore":14,"minecraft:wall_torch":5,"minecraft:white_terracotta":4,"spelunkers_charm:rock_pile_3":3,"minecraft:iron_ore":23,"minecraft:andesite":10,"minecraft:grass":34,"minecraft:coal_ore":58,"minecraft:gravel":2,"minecraft:stone":928,"minecraft:oak_leaves":1}},"DataVersion":3465}