{"stats":{"minecraft:crafted":{"vanillaplustools:stone_hammer":2,"minecraft:furnace":8,"minecraft:stone":448,"sophisticatedbackpacks:copper_backpack":1,"minecraft:iron_hoe":1,"minecraft:stone_pickaxe":18,"minecraft:chest":1,"tetra:modular_double":1,"sophisticatedbackpacks:iron_backpack":1,"sophisticatedbackpacks:backpack":1,"minecraft:crafting_table":1,"minecraft:spruce_planks":20,"minecraft:copper_ingot":8,"sophisticatedbackpacks:gold_backpack":1,"minecraft:air":0,"minecraft:stick":76},"minecraft:used":{"tombstone:scroll_of_lightning_resistance":4,"minecraft:iron_sword":139,"vanillaplustools:stone_hammer":151,"minecraft:torch":24,"minecraft:dirt":10,"minecraft:anvil":2,"vanillaplustools:iron_shovel":1,"minecraft:iron_hoe":109,"minecraft:iron_axe":136,"minecraft:bow":104,"minecraft:furnace":8,"tombstone:gift":4,"minecraft:white_wool":4,"minecraft:crafting_table":6,"tetra:modular_double":8,"minecraft:white_bed":2,"sophisticatedbackpacks:backpack":1,"minecraft:bread":23,"minecraft:iron_pickaxe":66,"minecraft:cobblestone":38,"minecraft:cobweb":28},"minecraft:killed":{"alexsmobs:raccoon":1,"minecraft:spider":1,"minecraft:horse":3,"minecraft:chicken":1,"iceandfire:cyclops":1,"minecraft:creeper":2,"alexsmobs:crimson_mosquito":3,"minecraft:sheep":2,"minecraft:zombie":10,"alexsmobs:fly":1,"alexsmobs:crow":2},"minecraft:picked_up":{"sophisticatedbackpacks:gold_backpack":1,"minecraft:crafting_table":5,"minecraft:iron_chestplate":1,"minecraft:chicken":2,"minecraft:anvil":4,"minecraft:flower_pot":1,"minecraft:brick":11,"minecraft:string":29,"minecraft:iron_axe":1,"minecraft:raw_copper":84,"minecraft:iron_leggings":1,"minecraft:white_carpet":1,"minecraft:oak_sign":34,"alexsmobs:blood_sac":11,"minecraft:iron_pickaxe":2,"minecraft:coal_block":1,"minecraft:iron_boots":1,"minecraft:furnace":8,"minecraft:stick":1,"minecraft:golden_helmet":1,"minecraft:raw_iron":27,"minecraft:copper_ingot":8,"minecraft:torch":25,"vanillaplustools:iron_shovel":1,"sophisticatedbackpacks:backpack":1,"simplehats:amalgalichhat":1,"tombstone:grave_dust":3,"minecraft:arrow":6,"minecraft:rotten_flesh":6,"minecraft:hay_block":97,"minecraft:mutton":5,"minecraft:cobblestone":1006,"minecraft:white_wool":8,"minecraft:feather":4,"minecraft:andesite":10,"minecraft:leather":15,"simplehats:beret_ribbon":1,"minecraft:gunpowder":1,"minecraft:dirt":10,"simplehats:hatbag_epic":2,"minecraft:bone":4,"minecraft:gray_carpet":2,"minecraft:wheat_seeds":19,"simplehats:hatbag_uncommon":1,"minecraft:iron_sword":1,"minecraft:book":267,"minecraft:dandelion":3,"minecraft:white_bed":3,"minecraft:spruce_log":64,"minecraft:iron_helmet":1,"simplehats:angel_and_devil":1,"minecraft:granite":30,"minecraft:bread":20,"tombstone:magic_scroll":2,"spelunkers_charm:rock":9,"minecraft:coal":62,"iceandfire:raw_silver":2},"minecraft:dropped":{"sophisticatedbackpacks:iron_backpack":1,"minecraft:iron_sword":1,"minecraft:wheat_seeds":2,"minecraft:golden_helmet":1,"minecraft:iron_helmet":1,"minecraft:cobblestone":101,"iceandfire:cyclops_eye":1,"sophisticatedbackpacks:gold_backpack":1,"spartanshields:golden_tower_shield":1,"mca:book_romance":1,"tombstone:magic_scroll":1,"minecraft:torch":19,"tombstone:grave_dust":3,"minecraft:iron_leggings":1,"tetra:holo":1,"minecraft:iron_axe":1,"minecraft:iron_pickaxe":1,"minecraft:gray_carpet":2,"minecraft:gold_ingot":5,"minecraft:bone":2,"alexsmobs:animal_dictionary":1,"tombstone:gift":1,"minecraft:rotten_flesh":2,"minecraft:iron_boots":1,"minecraft:carrot":11,"alexsmobs:blood_sac":9,"minecraft:iron_chestplate":1,"minecraft:arrow":4},"minecraft:broken":{"vanillaplustools:stone_hammer":1},"minecraft:custom":{"minecraft:mob_kills":27,"minecraft:interact_with_anvil":4,"minecraft:interact_with_crafting_table":32,"minecraft:bell_ring":1,"minecraft:time_since_death":108507,"minecraft:climb_one_cm":6310,"minecraft:sprint_one_cm":241236,"minecraft:walk_one_cm":262406,"minecraft:drop":40,"minecraft:play_time":108507,"minecraft:sneak_time":2151,"minecraft:walk_under_water_one_cm":932,"tombstone:tomb_raiding":1,"minecraft:jump":1384,"minecraft:walk_on_water_one_cm":12676,"minecraft:total_world_time":108507,"minecraft:interact_with_furnace":40,"minecraft:sleep_in_bed":5,"minecraft:time_since_rest":43225,"minecraft:damage_taken":655,"minecraft:damage_dealt":4037,"tombstone:cast_on_ally":2,"minecraft:swim_one_cm":13189,"minecraft:fly_one_cm":321315,"minecraft:player_kills":1,"minecraft:open_chest":100,"minecraft:crouch_one_cm":6800,"tombstone:undead_killed":10,"minecraft:fall_one_cm":31467},"minecraft:mined":{"minecraft:white_bed":2,"iceandfire:silver_ore":2,"minecraft:granite":31,"minecraft:grass_block":10,"minecraft:decorated_pot":4,"minecraft:coal_block":1,"minecraft:hay_block":98,"minecraft:furnace":8,"minecraft:iron_ore":27,"minecraft:andesite":10,"minecraft:anvil":4,"minecraft:bookshelf":89,"minecraft:stone":991,"minecraft:white_wool":4,"minecraft:spruce_slab":1,"minecraft:tripwire":1,"minecraft:dandelion":3,"minecraft:crafting_table":1,"minecraft:torch":19,"spelunkers_charm:dead_grass":1,"minecraft:copper_ore":14,"minecraft:tall_grass":50,"minecraft:wall_torch":9,"minecraft:white_terracotta":4,"spelunkers_charm:rock_pile_3":3,"realmrpg_skeletons:bow_skeleton":1,"tetra:basic_workbench":3,"minecraft:grass":223,"minecraft:coal_ore":62,"minecraft:gravel":2,"minecraft:flower_pot":1,"minecraft:cobweb":9,"minecraft:oak_leaves":3}},"DataVersion":3465}